"dutyCycle(v(""/net0129"" ?result ""tran"")  ?mode ""auto""   ?xName ""time""   ?outputType ""plot""  ) X","dutyCycle(v(""/net0129"" ?result ""tran"")  ?mode ""auto""   ?xName ""time""   ?outputType ""plot""  ) Y"
3.78E-08,1.339188329
6.26E-06,55.44578856
1.98E-05,33.67495206
8.02E-05,49.90882524
0.000160194,49.90877364
0.000240194,49.90878763
0.000320194,49.90875199
0.000400194,49.90871737
0.000480194,49.90872319
0.000560194,49.90880736
0.000640194,49.90873958
0.000720194,49.90859004
0.000800194,49.90860776
0.000880194,49.90862316
0.000960194,49.90864426
0.001040194,49.90864125
0.001120194,49.48287912
0.001160194,48.67411101
0.001200194,49.54841255
0.001240194,48.6410079
0.001280194,49.52155256
0.001320194,48.47423103
0.001360194,49.86652679
0.001400194,48.28790276
0.001440194,49.91572764
0.001480194,48.21822958
0.001520194,99.62827202
0.001540278,33.11800646
0.001600194,49.01549203
0.001640194,49.25334096
0.001680194,49.12781073
0.001720194,49.03811825
0.001760194,49.32212404
0.001800194,49.52525025
0.001840194,49.44433851
0.001880194,49.56755272
0.001920194,49.46593519
0.001960194,49.79446757
0.002000194,49.14711871
0.002040194,49.90839625
0.002120194,49.90837515
0.002200194,49.90833648
0.002280194,49.90833662
0.002360194,49.90834461
0.002440194,49.90828377
0.002520194,49.90833626
0.002600194,49.90839025
0.002680194,49.90831885
0.002760194,49.90834328
0.002840194,66.90929583
0.002899867,50.27015171
0.002940157,50.28491175
0.002979859,50.3171952
0.003020128,50.32259928
0.003059858,50.34877708
0.003100104,50.35787493
0.003139854,50.38112932
0.003180081,50.39949162
0.003219843,50.42189906
0.00326006,50.43354325
0.003299837,50.46054453
0.003340034,50.46282174
0.003379839,50.49425979
0.003420006,50.50591623
0.003459833,50.53071224
0.003499983,50.54079628
0.003539829,50.56681471
0.003579959,50.58157585
0.00361982,50.60420612
0.003659938,50.61568402
0.003699814,50.64631569
0.00373991,50.64637258
0.003779816,50.68299969
0.003819879,50.68753217
0.003859814,50.71457804
0.003899856,50.72698834
0.003939806,50.75952562
0.003979829,50.75921801
0.004019807,50.78262725
0.004059809,50.80505672
0.004099789,50.81630797
0.0041398,50.84008811
0.004179771,50.8521527
0.00421979,50.89164341
0.00425974,50.88210321
0.004299796,50.92932106
0.004339705,50.9187216
0.004379801,50.94683734
0.004419686,50.98381487
0.004459767,50.9846687
0.004499689,51.00419695
0.004539749,51.00555121
0.00457969,51.04084197
0.004619719,51.07262446
0.004659667,51.06278367
0.004699724,51.09599307
0.004739643,51.11428959
0.004779706,51.14655391
0.004819621,51.15573484
0.004859695,51.159534
0.004899621,51.20142791
0.004939659,51.19386559
0.004979629,51.22200664
0.005019636,51.26409688
0.005059596,51.26202168
0.005099635,51.27937143
0.005139585,51.30054551
0.005179616,51.3195246
0.005219572,51.31958262
0.005259614,51.35307046
0.005299548,51.38333266
0.005339587,51.37774831
0.005379554,51.41868394
0.005419553,51.41715079
0.005459556,51.45970481
0.00549952,51.45244821
0.005539559,51.48797971
0.005579495,51.50625032
0.005619541,51.51077085
0.005659494,51.54323365
0.005699513,51.55144582
0.005739489,51.59256556
0.00577948,51.58010928
0.005819498,51.60402016
0.005859462,51.6426863
0.005899465,51.63109018
0.005939472,51.66827319
0.005979437,51.69698525
0.006019447,51.70144745
0.006059434,51.7200527
0.006099432,51.73759755
0.006139421,51.75625977
0.006179417,51.76310968
0.006219415,51.80848304
0.006259382,51.80142166
0.006299418,51.82972607
0.006339362,51.85128352
0.006379397,51.86547854
0.006419354,51.90583615
0.006459363,51.88518729
0.006499371,51.93262161
0.006539327,51.94239744
0.00657936,51.96248044
0.006619314,51.96451108
0.006659355,51.99870081
0.006699291,52.01956376
0.006739334,52.03685856
0.006779281,52.0453901
0.006819323,52.06633809
0.006859268,52.09297333
0.006899298,52.10316579
0.006939263,52.12755963
0.006979277,52.13746545
0.007019256,52.15924115
0.007059258,52.19169443
0.007099232,52.18566373
0.007139261,52.21562155
0.007179211,52.24817265
0.007219232,52.24603956
0.007259214,52.26699882
0.007299214,52.30152149
0.007339188,52.29594832
0.007379216,52.33254392
0.007419162,52.34849553
0.007459199,52.37048426
0.007499149,52.37625847
0.00753919,52.40472638
0.007579131,52.42375919
0.00761917,52.43398044
0.007659127,52.46613795
0.007699142,52.47039232
0.007739125,52.49139553
0.007779124,52.50941788
0.007819111,52.52243562
0.007859113,52.54854293
0.007899092,52.57677237
0.007939089,52.57669057
0.007979091,52.6093767
0.008019065,52.61946102
0.008059081,52.63847317
0.008099052,52.64764172
0.008139071,52.68266852
0.008179027,52.69387336
0.008219058,52.70427086
0.008259023,52.7354189
0.008299031,52.74725903
0.008339014,52.77200314
0.00837901,52.78513208
0.008419004,52.80633391
0.008458994,52.82878311
0.008498986,52.82970613
0.008538992,52.85831319
0.008578965,52.86746032
0.008618982,52.89610657
0.008658945,52.92338331
0.008698958,52.92997155
0.008738941,52.96035902
0.008778933,52.97166693
0.008818932,52.97311271
0.008858932,53.00501488
0.008898908,53.02672652
0.008938913,53.04591056
0.008978894,53.06765717
0.009018894,53.07541498
0.009058888,53.09952874
0.009098875,53.11333569
0.009138877,53.15360932
0.009178845,53.13832877
0.009218884,53.1716456
0.009258824,53.18814973
0.009298865,53.22653447
0.0093388,53.2093853
0.00937887,53.24513327
0.009418782,53.26855402
0.009458842,53.27637602
0.009498783,53.29583472
0.00953882,53.33041846
0.009578762,53.32680986
0.009618815,53.35428342
0.009658748,53.37132711
0.009698794,53.3821847
0.009738746,53.412998
0.009778765,53.4253058
0.009818739,53.45034918
0.009858743,53.46718279
0.009898727,53.47317508
0.009938736,53.50187653
0.009978707,53.5219301
0.010018717,53.53933586
0.010058695,53.55832137
0.0100987,53.57574334
0.010138683,53.5881934
0.010178688,53.60984399
0.010218667,53.62743419
0.010258672,53.64964813
0.010298652,53.6685409
0.010338656,53.68775587
0.010378638,53.69718044
0.010418646,53.72909787
0.010458615,53.73708453
0.010498636,53.75006102
0.010538609,53.78501254
0.010578606,53.79268811
0.010618602,53.80705389
0.010658595,53.8271035
0.010698586,53.84567825
0.01073858,53.86518454
0.010778571,53.88387748
0.010818565,53.89921973
0.010858559,53.92742249
0.010898543,53.945399
0.010938543,53.95724549
0.010978534,53.97840059
0.011018526,53.99160835
0.011058523,54.0162958
0.011098507,54.0354471
0.011138507,54.0542862
0.011178493,54.06545462
0.011218496,54.08756173
0.011258477,54.11116124
0.011298476,54.12700455
0.011338465,54.13798928
0.011378466,54.16524295
0.011418445,54.18147861
0.011458451,54.18980619
0.01149844,54.21408971
0.011538431,54.2423375
0.011578418,54.24872989
0.011618425,54.27807569
0.011658397,54.28884839
0.011698412,54.30506926
0.011738388,54.32106234
0.011778397,54.34506423
0.011818372,54.3579743
0.011858383,54.37788767
0.011898359,54.39830097
0.011938364,54.41530308
0.011978347,54.43880449
0.012018344,54.45262992
0.012058337,54.47334136
0.012098328,54.49010344
0.012138323,54.51303859
0.01217831,54.52218953
0.012218314,54.54421255
0.012258295,54.56670018
0.012298294,54.58254778
0.012338283,54.60031735
0.01237828,54.61600936
0.012418271,54.64022916
0.01245826,54.65446697
0.012498259,54.67618847
0.012538244,54.69795324
0.01257824,54.71173358
0.012618233,54.72057735
0.012658233,54.75215727
0.01269821,54.76681123
0.012738218,54.77928444
0.012778202,54.80948014
0.012818193,54.81892464
0.012858194,54.83833259
0.012898179,54.85602608
0.012938178,54.87583962
0.012978165,54.89237771
0.013018164,54.91019574
0.013058151,54.93440737
0.013098144,54.94631482
0.013138141,54.96663898
0.013178129,54.98355999
0.013218127,55.00040446
0.013258116,55.0224354
0.013298109,55.03527634
0.013338105,55.05633293
0.013378093,55.07757449
0.013418088,55.09471855
0.01345808,55.11160618
0.013498074,55.13013015
0.013538065,55.14954125
0.013578058,55.16663381
0.013618051,55.18416479
0.013658044,55.21130449
0.01369803,55.22402093
0.013738032,55.24859218
0.013778013,55.25907592
0.013818021,55.28155955
0.013857998,55.29155633
0.01389801,55.31766612
0.013937982,55.33836444
0.013977989,55.35112787
0.014017974,55.37142064
0.014057972,55.38402558
0.014097964,55.40486729
0.014137955,55.42683385
0.014177947,55.44153487
0.014217943,55.45994973
0.014257933,55.48028195
0.014297926,55.4969701
0.014337919,55.51664164
0.014377911,55.53929298
0.014417901,55.55081531
0.0144579,55.57313877
0.014497885,55.5933636
0.014537883,55.60441747
0.014577877,55.62657657
0.014617866,55.64862194
0.014657859,55.66046088
0.014697856,55.67869464
0.014737845,55.70396182
0.014777835,55.71470439
0.014817835,55.73501884
0.014857821,55.75511882
0.014897818,55.77637367
0.014937805,55.7896133
0.014977806,55.81103538
0.01501779,55.83213625
0.015057787,55.83996944
0.015097783,55.86346356
0.01513777,55.88155271
0.015177768,55.90004854
0.015217756,55.91837491
0.015257752,55.93773852
0.015297741,55.95831435
0.015337735,55.97694896
0.015377727,55.99481282
0.01541772,56.02002532
0.015457707,56.03046036
0.01549771,56.03803967
0.015537703,56.06627417
0.015577688,56.08371524
0.015617687,56.10917572
0.01565767,56.11849873
0.015697677,56.14154785
0.015737655,56.159154
0.015777659,56.180956
0.01581764,56.19832713
0.015857643,56.21511576
0.015897629,56.23338168
0.015937627,56.25829383
0.015977611,56.25985364
0.016017622,56.2918614
0.016057591,56.30359161
0.016097607,56.32484922
0.016137579,56.35116777
0.016177582,56.35613461
0.016217576,56.37940299
0.016257564,56.39419334
0.016297563,56.41865483
0.016337546,56.43134412
0.01637755,56.45218532
0.016417533,56.46423725
0.016457538,56.48738365
0.016497517,56.5142845
0.016537514,56.51993924
0.016577513,56.5454024
0.016617496,56.57054441
0.016657491,56.57818444
0.016697489,56.59599489
0.016737478,56.61473814
0.016777473,56.63613077
0.016817462,56.65388385
0.016857458,56.67283918
0.016897447,56.69158686
0.016937442,56.7091352
0.016977434,56.7321593
0.017017424,56.74634222
0.017057422,56.76309819
0.017097412,56.78456383
0.017137404,56.80696225
0.017177394,56.81342305
0.017217397,56.8351104
0.01725738,56.85832307
0.017297377,56.87528048
0.017337367,56.8901994
0.017377364,56.91183889
0.017417351,56.92619881
0.01745735,56.94547843
0.017497337,56.9635113
0.017537335,56.9846155
0.017577322,56.99914574
0.017617321,57.02708579
0.017657302,57.04540933
0.017697304,57.0521917
0.017737298,57.07422855
0.017777287,57.09011239
0.017817284,57.11787726
0.017857267,57.13445564
0.017897268,57.14773743
0.017937258,57.16404221
0.017977254,57.19140697
0.018017238,57.21143546
0.018057236,57.21460991
0.018097235,57.23493223
0.018137221,57.26005835
0.018177214,57.27238386
0.018217211,57.29404854
0.018257198,57.31613379
0.018297192,57.33513942
0.018337183,57.34338793
0.018377184,57.36910209
0.018417166,57.39055374
0.018457164,57.41236523
0.01849715,57.4192991
0.018537156,57.44980105
0.01857713,57.45815297
0.018617143,57.47032224
0.018657125,57.500828
0.018697117,57.51781045
0.018737111,57.53323699
0.018777105,57.5526438
0.018817096,57.57590305
0.018857087,57.59024702
0.018897084,57.6083094
0.018937073,57.62415844
0.01897707,57.63962169
0.019017062,57.6695744
0.019057047,57.67175306
0.019097056,57.70219162
0.019137028,57.71692334
0.019177039,57.73647239
0.019217018,57.75452276
0.019257021,57.7621737
0.019297013,57.7983539
0.019336993,57.80879096
0.019377001,57.82845178
0.019416982,57.8478756
0.019456982,57.86391575
0.019496971,57.87553712
0.019536971,57.89845767
0.019576955,57.91788212
0.019616953,57.93685956
0.019656941,57.96031147
0.019696934,57.97056393
0.019736932,57.99334648
0.019776918,58.01021387
0.019816917,58.02899272
0.019856904,58.04133151
0.019896905,58.06644185
0.019936887,58.09142825
0.019976883,58.09787559
0.020016882,58.12380285
0.020056865,58.14312268
0.020096863,58.15627671
0.020136855,58.18113991
0.020176844,58.19132639
0.020216845,58.21420841
0.020256829,58.23936228
0.020296823,58.23834885
0.020336828,58.26608911
0.020376805,58.28462913
0.020416809,58.30536327
0.020456792,58.32485178
0.020496791,58.34351704
0.020536779,58.36128696
0.020576775,58.36832758
0.020616773,58.40072261
0.020656752,58.41772863
0.020696755,58.43283033
0.020736743,58.458459
0.020776734,58.47506616
0.020816729,58.48783354
0.020856724,58.50705595
0.020896714,58.51507959
0.020936716,58.54720696
0.020976693,58.56307181
0.021016698,58.57716029
0.021056685,58.59898712
0.021096679,58.61632638
0.021136671,58.63752151
0.021176662,58.65065229
0.02121666,58.67271001
0.021256647,58.69014861
0.021296644,58.71990121
0.021336626,58.71898343
0.021376639,58.74177667
0.021416614,58.76820077
0.021456614,58.78577666
0.021496602,58.80423926
0.021536598,58.821429
0.021576589,58.83763258
0.021616584,58.85338625
0.021656577,58.87855382
0.021696565,58.90823088
0.021736553,58.89658329
0.021776569,58.92796538
0.021816537,58.96275986
0.021856536,58.963236
0.021896536,58.98212894
0.021936523,58.98886437
0.021976527,59.02614685
0.022016499,59.04057294
0.022056509,59.0659723
0.022096485,59.06376224
0.022136503,59.09555249
0.022176469,59.11335449
0.022216481,59.13406531
0.022256459,59.1502249
0.022296463,59.16832187
0.022336448,59.18687413
0.022376446,59.20857489
0.022416432,59.22359831
0.022456431,59.2370079
0.022496423,59.25992021
0.022536413,59.27932126
0.022576407,59.29614834
0.0226164,59.32609623
0.022656384,59.3185582
0.0226964,59.35274655
0.022736366,59.38348039
0.022776369,59.3727313
0.022816374,59.40787877
0.022856347,59.43300236
0.022896349,59.4457758
0.022936339,59.46207731
0.022976335,59.47960093
0.023016326,59.49578549
0.023056321,59.51642928
0.02309631,59.53240702
0.023136307,59.55623484
0.023176293,59.57060648
0.023216293,59.61233102
0.023256265,59.58454112
0.023296302,59.62827812
0.023336248,59.63993072
0.023376277,59.67459066
0.023416234,59.68509194
0.023456256,59.68117626
0.023496244,59.71924073
0.023536227,59.75126879
0.023576217,59.73399785
0.023616235,59.77852429
0.023656193,59.78593965
0.023696216,59.80849743
0.023736186,59.82591169
0.023776194,59.84920806
0.023816173,59.86038959
0.02385618,59.8775144
0.023896164,59.89943553
0.02393616,59.92088522
0.023976148,59.93690974
0.024016145,59.95092633
0.024056138,59.97504056
0.024096127,59.99024228
0.024136124,60.00289052
0.024176117,60.02664619
0.024216106,60.04700732
0.0242561,60.06416403
0.024296093,60.08744522
0.024336082,60.09844768
0.024376082,60.12418634
0.024416065,60.13939365
0.024456066,60.15792475
0.024496053,60.16942233
0.024536054,60.1964111
0.024576035,60.20726611
0.02461604,60.22839097
0.024656023,60.25217811
0.024696019,60.27084823
0.024736009,60.28718
0.024776004,60.30187737
0.024815998,60.31628215
0.024855993,60.34418908
0.024895977,60.35508477
0.02493598,60.3697998
0.024975969,60.41147203
0.025015949,60.39479555
0.025055973,60.43429147
0.025095931,60.4486518
0.025135949,60.46560012
0.025175926,60.48185332
0.02521593,60.50614103
0.025255911,60.5366024
0.025295903,60.53650303
0.025335909,60.5634916
0.025375887,60.585289
0.025415887,60.59917188
0.025455878,60.6120906
0.025495875,60.63711809
0.025535861,60.65918877
0.025575856,60.66902346
0.025615852,60.69489725
0.025655837,60.7060161
0.02569584,60.73114777
0.025735822,60.74551584
0.025775824,60.75738818
0.025815815,60.78396483
0.025855803,60.81875882
0.025895788,60.80946464
0.025935804,60.8336898
0.025975777,60.85781874
0.026015778,60.86669112
0.026055772,60.88631918
0.026095763,60.91486637
0.02613575,60.92575962
0.026175751,60.95833037
0.026215729,60.95501025
0.026255746,61.00188647
0.026295704,60.98433633
0.026335742,61.03110205
0.026375687,61.04706175
0.026415712,61.05174402
0.026455693,61.08432369
0.026495684,61.07286701
0.026535697,61.12833175
0.026575652,61.13141658
0.026615679,61.13416466
0.02665566,61.16821681
0.02669565,61.19184846
0.026735641,61.20829467
0.026775636,61.22074221
0.026815631,61.26324933
0.026855606,61.24160741
0.026895636,61.27734453
0.026935594,61.29624414
0.026975608,61.31577227
0.027015586,61.33510378
0.027055588,61.35084001
0.027095577,61.37008991
0.027135571,61.40762381
0.02717555,61.40390799
0.027215566,61.41038681
0.027255552,61.44410687
0.027295538,61.47721346
0.027335525,61.4833258
0.02737553,61.47780051
0.02741553,61.51004358
0.027455509,61.53715551
0.027495505,61.55249355
0.027535497,61.57208195
0.027575489,61.58856159
0.027615484,61.62883849
0.027655461,61.61621562
0.027695483,61.62672246
0.027735463,61.65867105
0.027775455,61.68238483
0.027815444,61.704719
0.027855436,61.71799779
0.027895433,61.73252311
0.027935425,61.75324414
0.027975416,61.7732329
0.028015409,61.81321031
0.028055388,61.78960414
0.028095416,61.82875947
0.028135373,61.8433623
0.02817539,61.87232187
0.028215361,61.91053422
0.028255354,61.87277637
0.028295383,61.92214922
0.028335334,61.9379666
0.028375354,61.95583281
0.02841533,61.97353298
0.028455333,61.99013245
0.02849532,62.0089227
0.028535316,62.02712226
0.028575307,62.05049547
0.028615297,62.06968106
0.028655291,62.08345777
0.028695286,62.10482215
0.028735275,62.12163369
0.028775271,62.13474733
0.028815265,62.15714015
0.028855254,62.1757504
0.028895249,62.19140093
0.028935242,62.20999259
0.028975234,62.23725585
0.029015221,62.24243003
0.029055226,62.26583912
0.029095208,62.28169296
0.029135209,62.30090938
0.029175196,62.32226569
0.02921519,62.35040754
0.029255176,62.3485956
0.029295185,62.370798
0.029335165,62.40210342
0.029375157,62.41056775
0.029415157,62.43563699
0.029455141,62.45306847
0.029495139,62.45760875
0.029535138,62.48692976
0.02957512,62.50974932
0.029615116,62.51440169
0.029655115,62.54283022
0.029695097,62.56619942
0.029735093,62.55372656
0.029775104,62.59468444
0.029815071,62.61226401
0.029855079,62.64054376
0.029895056,62.64639214
0.029935066,62.66630565
0.029975048,62.69074342
0.030015043,62.70803123
0.030055035,62.72368065
0.03009503,62.73978626
0.030135023,62.76023426
0.030175014,62.77976598
0.030215007,62.79794726
0.030254999,62.81638858
0.030294992,62.83368415
0.030334985,62.85234757
0.030374977,62.86959514
0.030414971,62.88794976
0.030454963,62.92031053
0.030494947,62.91167747
0.030534962,62.93974987
0.030574935,62.96957341
0.030614932,62.97318019
0.030654932,63.00079685
0.030694914,63.03352494
0.030734904,63.02685686
0.030774914,63.05651008
0.030814889,63.07618777
0.030854891,63.09684029
0.030894877,63.10776725
0.030934879,63.12580016
0.030974866,63.14773186
0.03101486,63.16441424
0.031054853,63.18871916
0.031094841,63.19455052
0.031134844,63.21679531
0.031174829,63.23825432
0.031214824,63.25506694
0.031254816,63.27874636
0.031294806,63.29799061
0.0313348,63.30911211
0.031374796,63.32940457
0.031414785,63.35008667
0.031454779,63.36468158
0.031494773,63.38164579
0.031534766,63.40053789
0.031574758,63.42374278
0.031614748,63.43538054
0.031654747,63.45702245
0.031694734,63.4789316
0.031734727,63.49275405
0.031774722,63.51650961
0.03181471,63.52946619
0.031854709,63.55385532
0.031894694,63.57138891
0.031934692,63.58525746
0.031974684,63.60243628
0.032014678,63.62391982
0.032054668,63.64341581
0.032094661,63.65926229
0.032134655,63.67920425
0.032174646,63.69731444
0.03221464,63.71112378
0.032254635,63.73823772
0.032294621,63.75301455
0.03233462,63.76357295
0.032374614,63.79173938
0.032414599,63.8080551
0.032454597,63.82297927
0.032494589,63.8406215
0.032534583,63.86175367
0.032574573,63.88508016
0.032614564,63.8976585
0.032654561,63.9152316
0.032694552,63.93368459
0.032734546,63.9492544
0.032774539,63.97358496
0.032814528,63.98463258
0.032854527,64.0140533
0.032894509,64.02281608
0.032934514,64.04378224
0.032974498,64.06050763
0.033014497,64.08891556
0.03305448,64.09824672
0.033094483,64.11893336
0.033134468,64.13417414
0.033174467,64.1588085
0.033214452,64.17478471
0.033254451,64.18768703
0.033294444,64.21238169
0.033334432,64.22198179
0.033374433,64.24150275
0.03341442,64.25933633
0.033454416,64.28228037
0.033494404,64.30284632
0.033534398,64.31820821
0.033574392,64.33368727
0.033614386,64.35911976
0.033654373,64.37081687
0.033694373,64.39162263
0.03373436,64.40967483
0.033774356,64.4310749
0.033814345,64.45098163
0.033854339,64.47136552
0.033894329,64.48372763
0.033934327,64.50484964
0.033974315,64.53084069
0.034014306,64.53789635
0.034054306,64.5523269
0.034094297,64.57265735
0.034134289,64.59362104
0.034174281,64.62313879
0.034214267,64.62538451
0.034254273,64.64822641
0.034294256,64.67349945
0.03433425,64.68111226
0.034374248,64.69746917
0.034414239,64.72158481
0.034454229,64.74539562
0.03449422,64.76542815
0.034534212,64.7877729
0.034574203,64.79600978
0.034614203,64.81808251
0.034654189,64.82824386
0.03469419,64.8630297
0.034734168,64.86743186
0.034774178,64.8835451
0.034814163,64.90821199
0.034854155,64.93302963
0.034894144,64.93089906
0.034934151,64.96396576
0.034974127,64.99039791
0.035014124,65.00189456
0.035054119,65.01742969
0.035094112,65.03472566
0.035134105,65.06149653
0.035174092,65.06374953
0.035214098,65.10278784
0.035254071,65.10457681
0.035294084,65.13465749
0.035334058,65.1497956
0.035374063,65.1522519
0.035414059,65.18890889
0.035454039,65.20448584
0.03549404,65.21767481
0.035534031,65.24801064
0.035574017,65.26026325
0.035614017,65.27391167
0.035654009,65.28721912
0.035694005,65.30950597
0.035733993,65.33562283
0.035773984,65.34364307
0.035813984,65.37131523
0.035853967,65.38642325
0.035893967,65.40505754
0.035933955,65.43035713
0.035973946,65.43104091
0.03601395,65.4573798
0.036053932,65.47871544
0.036093929,65.50053772
0.036133917,65.51511951
0.036173914,65.53127378
0.036213906,65.55084539
0.036253898,65.56958489
0.036293891,65.58165583
0.036333887,65.60675107
0.036373874,65.61722661
0.036413875,65.64707312
0.036453856,65.67053281
0.036493851,65.67077063
0.036533854,65.68861697
0.036573842,65.71557492
0.036613832,65.73676106
0.036653824,65.75189529
0.036693819,65.7670214
0.036733812,65.78910877
0.036773802,65.79451669
0.036813804,65.83622074
0.036853778,65.83695449
0.036893791,65.86605643
0.036933766,65.87631861
0.036973773,65.9025856
0.037013754,65.92030545
0.037053753,65.93276072
0.037093746,65.95330027
0.037133737,65.97379841
0.037173729,66.00040762
0.037213717,65.99516561
0.037253726,66.02742866
0.037293702,66.0393446
0.037333707,66.0593519
0.037373692,66.07740476
0.037413689,66.10722001
0.037453673,66.11408122
0.037493677,66.14722547
0.037533655,66.14428592
0.037573668,66.17556402
0.037613642,66.18475607
0.03765365,66.21283442
0.037693629,66.22513854
0.037733632,66.24548663
0.037773618,66.26735904
0.037813612,66.28229236
0.037853606,66.30266465
0.037893597,66.31603243
0.037933594,66.33912363
0.037973581,66.35751458
0.038013577,66.37424482
0.038053569,66.38504296
0.038093566,66.41377173
0.03813355,66.43147561
0.038173548,66.45004013
0.038213538,66.47372932
0.038253529,66.48605433
0.038293526,66.50533854
0.038333516,66.52348197
0.03837351,66.54299127
0.038413501,66.56553169
0.038453492,66.56839852
0.038493495,66.5994602
0.038533475,66.60754016
0.03857348,66.62703671
0.038613466,66.64805518
0.03865346,66.67333442
0.038693448,66.68507043
0.038733447,66.70272143
0.038773437,66.72343909
0.038813429,66.73916461
0.038853424,66.75978909
0.038893414,66.78017523
0.038933407,66.79832005
0.0389734,66.8139878
0.039013394,66.82682428
0.039053389,66.85584992
0.039093374,66.87144018
0.039133372,66.88537884
0.039173365,66.90711539
0.039213355,66.9193161
0.039253353,66.95323209
0.039293334,66.95792406
0.03933334,66.97657222
0.039373326,66.9956104
0.039413322,67.0187675
0.03945331,67.03346343
0.039493307,67.04536308
0.039533301,67.06818286
0.03957329,67.09427586
0.03961328,67.10863332
0.039653277,67.13254724
0.039693264,67.14453791
0.039733263,67.16399323
0.039773252,67.17825508
0.039813249,67.19413463
0.039853241,67.2180017
0.039893231,67.22966995
0.039933229,67.2467334
0.039973219,67.27439331
0.040013208,67.28273718
0.040053208,67.30895603
0.040093192,67.32601343
0.04013319,67.34411412
0.04017318,67.36019374
0.040213176,67.37856714
0.040253167,67.40947216
0.040293153,67.41933276
0.040333154,67.43069688
0.040373147,67.45633842
0.040413135,67.48136361
0.040453126,67.48710387
0.040493127,67.50696156
0.040533115,67.52705369
0.040573108,67.54193973
0.040613103,67.56805291
0.04065309,67.5698604
0.040693095,67.60061737
0.040733074,67.62177082
0.040773072,67.63745212
0.040813064,67.6580485
0.040853055,67.67149464
0.040893051,67.69277024
0.040933041,67.71619396
0.040973032,67.72324582
0.041013032,67.74791126
0.041053017,67.7801664
0.041093005,67.78522678
0.041133008,67.79020494
0.041173004,67.82003803
0.041212988,67.84225332
0.041252983,67.85395128
0.041292978,67.8767785
0.041332967,67.88531732
0.041372967,67.91421785
0.04141295,67.93140815
0.041452948,67.9491829
0.041492939,67.96876555
0.041532932,67.98469906
0.041572925,68.00389498
0.041612917,68.01654505
0.041652914,68.04285675
0.0416929,68.05997805
0.041732896,68.07687987
0.041772888,68.0949337
0.041812881,68.11663012
0.041852872,68.13152727
0.041892867,68.1482041
0.04193286,68.16810457
0.041972851,68.1902222
0.042012842,68.20583487
0.042052838,68.22086094
0.042092831,68.23849408
0.042132824,68.26420696
0.042172812,68.28274886
0.042212806,68.30585843
0.042252796,68.31832786
0.042292793,68.33050276
0.042332787,68.35434137
0.042372776,68.37020866
0.042412772,68.38806529
0.042452763,68.40314025
0.042492759,68.42736795
0.042532747,68.44698992
0.042572741,68.46579691
0.042612732,68.48035347
0.042652728,68.50355105
0.042692716,68.51654585
0.042732714,68.53699354
0.042772703,68.55401038
0.042812698,68.5751474
0.042852688,68.59332769
0.042892682,68.60633095
0.042932677,68.62769274
0.042972667,68.64756867
0.04301266,68.66739205
0.043052652,68.68376147
0.043092646,68.698926
0.04313264,68.72226624
0.043172629,68.74157512
0.043212623,68.75390017
0.043252618,68.7714666
0.04329261,68.79305363
0.043332601,68.81138209
0.043372595,68.83239274
0.043412585,68.85233696
0.043452578,68.86597079
0.043492573,68.88869724
0.043532562,68.89880125
0.043572561,68.91834939
0.043612551,68.94374483
0.043652541,68.96497127
0.043692533,68.97356839
0.043732531,68.99331354
0.043772521,69.01345887
0.043812514,69.03313326
0.043852505,69.04891118
0.0438925,69.06580122
0.043932493,69.08575174
0.043972484,69.10407463
0.044012478,69.12133146
0.044052471,69.14044248
0.044092463,69.15746788
0.044132456,69.17572338
0.044172449,69.19649173
0.04421244,69.21498057
0.044252433,69.23083412
0.044292427,69.24858473
0.04433242,69.26947885
0.044372411,69.29023542
0.044412403,69.30714155
0.044452397,69.32254515
0.04449239,69.34589521
0.04453238,69.36267555
0.044572375,69.38106873
0.044612366,69.40433572
0.044652357,69.42331081
0.04469235,69.42588773
0.044732351,69.4520586
0.044772336,69.47390693
0.04481233,69.49028726
0.044852323,69.52168652
0.044892308,69.5253144
0.044932313,69.54115037
0.044972302,69.56390781
0.045012293,69.58625083
0.045052284,69.6014653
0.045092279,69.61761229
0.045132272,69.64084727
0.045172262,69.65838954
0.045212256,69.67600731
0.045252249,69.69125235
0.045292243,69.71012708
0.045332235,69.72992851
0.045372227,69.74953543
0.045412219,69.77369366
0.045452209,69.78508726
0.045492207,69.79776539
0.0455322,69.81990166
0.04557219,69.83825964
0.045612184,69.85481077
0.045652177,69.87464416
0.045692169,69.89379437
0.045732162,69.91522536
0.045772152,69.92213033
0.045812153,69.95082367
0.045852136,69.96750913
0.045892134,69.98596755
0.045932124,70.002697
0.045972119,70.01887872
0.046012112,70.03500962
0.046052106,70.06047473
0.046092094,70.07481504
0.046132091,70.09159067
0.046172082,70.10810686
0.046212076,70.13177073
0.046252065,70.14489067
0.046292063,70.16431733
0.046332053,70.18837123
0.046372043,70.20080048
0.04641204,70.21933707
0.046452031,70.24005701
0.046492023,70.25933245
0.046532015,70.2766541
0.046572009,70.29743811
0.046612,70.3091031
0.046651997,70.33444352
0.046691984,70.34776084
0.046731982,70.36428644
0.046771973,70.38369709
0.046811966,70.40819012
0.046851955,70.42483332
0.04689195,70.44522378
0.046931941,70.46204521
0.046971935,70.47660179
0.047011929,70.50026698
0.047051918,70.51929077
0.047091912,70.5316045
0.047131907,70.55603169
0.047171895,70.56616363
0.047211895,70.58558076
0.047251884,70.61263121
0.047291873,70.6268708
0.04733187,70.63993679
0.047371864,70.66221009
0.047411854,70.67974636
0.047451848,70.69333023
0.047491842,70.71670013
0.047531832,70.74379355
0.047571821,70.76419258
0.047611814,70.77553791
0.04765181,70.7942526
0.047691801,70.80448925
0.047731799,70.83615366
0.047771782,70.84330459
0.047811785,70.86412523
0.047851772,70.87945067
0.047891769,70.90477835
0.047931756,70.92446939
0.04797175,70.93966264
0.048011744,70.96427067
0.048051732,70.97791463
0.048091729,70.99367836
0.048131722,71.01364802
0.048171714,71.03187574
0.048211707,71.05130171
0.048251698,71.07221601
0.04829169,71.08216637
0.048331688,71.11146889
0.048371672,71.12096974
0.048411673,71.1415073
0.048451661,71.16798983
0.048491651,71.18135245
0.048531648,71.19657289
0.048571641,71.21575425
0.048611633,71.24276144
0.048651621,71.23462536
0.04869163,71.26539639
0.048731609,71.29303366
0.048771602,71.30694957
0.048811597,71.32709526
0.048851588,71.34585224
0.048891581,71.3636616
0.048931574,71.38034263
0.048971567,71.39803739
0.04901156,71.42052337
0.04905155,71.43003679
0.049091549,71.45114229
0.049131538,71.46964735
0.049171532,71.48920595
0.049211523,71.51509556
0.049251512,71.52738966
0.04929151,71.54323803
0.049331502,71.56337151
0.049371494,71.57934014
0.049411488,71.59834672
0.04945148,71.61078921
0.049491476,71.62874742
0.049531467,71.65175821
0.049571458,71.66718266
0.049611453,71.68814344
0.049651443,71.71113984
0.049691434,71.72260385
0.049731431,71.73673865
0.049771425,71.76070782
0.049811414,71.77705281
0.049851409,71.80221749
0.049891397,71.81339349
0.049931396,71.83429748
0.049971385,71.85340144
0.050011378,71.86901781
0.050051372,71.88958247
0.050091363,71.90804166
0.050131356,71.92326447
0.05017135,71.94997206
0.050211338,71.96377349
0.050251335,71.98383567
0.050291325,71.99556759
0.050331322,72.01739073
0.050371311,72.0413962
0.050411302,72.06153863
0.050451295,72.0728283
0.050491291,72.09563008
0.05053128,72.11191203
0.050571275,72.14016944
0.050611261,72.14068243
0.050651266,72.17049484
0.050691248,72.17509322
0.050731253,72.20607403
0.050771234,72.22084717
0.050811233,72.23784409
0.050851224,72.26365443
0.050891213,72.28089785
0.050931207,72.29342263
0.050971203,72.31328118
0.051011194,72.3302762
0.051051188,72.35286868
0.051091177,72.37243852
0.05113117,72.38566998
0.051171166,72.40801504
0.051211155,72.42324896
0.051251151,72.43916688
0.051291144,72.46416585
0.051331133,72.47663217
0.05137113,72.49684107
0.05141112,72.51504317
0.051451114,72.53754785
0.051491104,72.55189108
0.051531099,72.56750946
0.051571092,72.58684033
0.051611084,72.59831422
0.051651081,72.62726578
0.051691066,72.64269166
0.051731064,72.66118117
0.051771054,72.6798333
0.051811048,72.69794056
0.05185104,72.72149095
0.05189103,72.7361856
0.051931026,72.75721163
0.051971016,72.77258251
0.052011011,72.78907085
0.052051004,72.8138017
0.052090993,72.8288122
0.052130989,72.84724261
0.05217098,72.86591493
0.052210973,72.87941479
0.052250968,72.90452026
0.052290956,72.9195086
0.052330953,72.94774279
0.052370938,72.95055014
0.052410942,72.97200905
0.052450929,72.98749464
0.052490925,73.01890218
0.05253091,73.02695652
0.052570911,73.04428894
0.052610901,73.06560294
0.052650893,73.08614713
0.052690885,73.10821168
0.052730876,73.11201778
0.052770877,73.13621942
0.052810863,73.1512126
0.05285086,73.18246007
0.052890844,73.18173842
0.05293085,73.2135587
0.052970831,73.22484562
0.053010832,73.2569294
0.053050814,73.26555103
0.053090816,73.28444457
0.053130805,73.29489673
0.053170803,73.31874496
0.053210791,73.33772194
0.053250785,73.3644207
0.053290772,73.37515856
0.053330771,73.39399156
0.053370761,73.41184427
0.053410755,73.42923071
0.053450748,73.46061822
0.053490733,73.47250506
0.053530732,73.48827881
0.053570724,73.48833566
0.053610727,73.53679619
0.053650699,73.54196247
0.053690706,73.55773433
0.053730695,73.5873809
0.053770683,73.60094156
0.05381068,73.62194701
0.05385067,73.630487
0.053890669,73.63796806
0.053930665,73.6799866
0.053970644,73.69567972
0.054010643,73.71998585
0.05405063,73.71501886
0.054090637,73.74731382
0.054130617,73.75706474
0.054170619,73.789058
0.054210601,73.80506512
0.054250599,73.82857099
0.054290587,73.81996931
0.054330596,73.85904958
0.054370571,73.88591325
0.054410565,73.89989056
0.05445056,73.90995508
0.054490556,73.92141538
0.054530552,73.95920959
0.054570533,73.96664496
0.054610535,73.97935717
0.054650528,74.004403
0.054690517,74.02351631
0.05473051,74.02483159
0.054770512,74.05520354
0.054810495,74.07045136
0.054850493,74.09238217
0.054890482,74.11692145
0.054930472,74.13222856
0.054970467,74.16098549
0.055010453,74.15451446
0.055050462,74.19782403
0.055090436,74.18994031
0.055130449,74.23151287
0.055170422,74.24940058
0.055210422,74.23858007
0.055250427,74.27408894
0.055290406,74.31167535
0.055330393,74.31030998
0.055370399,74.31444803
0.055410395,74.34625566
0.055450379,74.3639284
0.055490375,74.38216811
0.055530366,74.41588908
0.055570351,74.4136095
0.055610358,74.45693922
0.055650332,74.46460649
0.055690337,74.47316333
0.055730331,74.49150423
0.055770323,74.51855392
0.055810311,74.52822156
0.05585031,74.56041481
0.055890293,74.56606314
0.055930296,74.57263912
0.055970291,74.60681946
0.056010274,74.63065962
0.056050267,74.63127294
0.056090269,74.67332458
0.056130246,74.67021089
0.056170256,74.70871909
0.056210232,74.71770403
0.056250235,74.72473859
0.05629023,74.75073679
0.056330218,74.7708562
0.056370211,74.78653256
0.056410205,74.80664647
0.056450197,74.83268838
0.056490186,74.84635829
0.056530182,74.85029197
0.056570181,74.88860011
0.056610161,74.8892067
0.056650167,74.93028232
0.056690143,74.92648765
0.056730153,74.95294199
0.056770136,74.99287913
0.05681012,74.97292622
0.056850136,75.01697407
0.056890107,75.03332775
0.056930108,75.04566678
0.056970101,75.0544639
0.057010099,75.09449276
0.057050079,75.08887049
0.057090088,75.11908469
0.057130069,75.1347481
0.057170067,75.16063769
0.057210054,75.18669951
0.057250044,75.19462709
0.057290043,75.1947198
0.057330044,75.22996167
0.057370025,75.24271212
0.057410024,75.26405583
0.057450013,75.28009033
0.057490008,75.31129156
0.057529993,75.31681406
0.057569995,75.33318362
0.057609986,75.35253147
0.057649979,75.38924037
0.057689962,75.38212266
0.057729971,75.42545108
0.057769945,75.42075474
0.057809956,75.45638022
0.057849933,75.4587583
0.05788994,75.48182256
0.057929925,75.50727838
0.057969916,75.52361235
0.058009911,75.53623346
0.058049906,75.55164153
0.058089899,75.57908637
0.058129887,75.60194342
0.058169879,75.61930468
0.058209872,75.6420612
0.058249862,75.6404807
0.058289866,75.67188484
0.058329848,75.68769077
0.058369846,75.70427529
0.058409838,75.72635304
0.058449829,75.74229612
0.058489823,75.76034491
0.058529815,75.78341305
0.058569806,75.7954447
0.058609802,75.82228572
0.058649789,75.84368214
0.058689782,75.84998993
0.058729781,75.87018219
0.058769771,75.89511315
0.058809761,75.91727562
0.058849752,75.91764313
0.058889755,75.94654738
0.058929739,75.96671528
0.058969734,75.98506447
0.059009726,76.00447847
0.059049718,76.01965171
0.059089712,76.03367828
0.059129707,76.04810797
0.059169701,76.08584853
0.059209683,76.09027808
0.059249686,76.11730938
0.059289671,76.11778248
0.059329675,76.14882731
0.059369658,76.17674427
0.059409649,76.17226076
0.059449654,76.21607165
0.059489629,76.20612957
0.059529642,76.23281839
0.059569624,76.25537588
0.059609618,76.2754587
0.059649609,76.29082942
0.059689604,76.3109764
0.059729595,76.3324513
0.059769587,76.35551549
0.059809577,76.36299312
0.059849576,76.39003909
0.059889562,76.39479349
0.059929564,76.427047
0.059969547,76.43569654
0.060009547,76.45759667
0.060049536,76.47936007
0.060089528,76.50227993
0.060129518,76.5084189
0.060169518,76.53269607
0.060209505,76.55253587
0.060249499,76.56110979
0.060289496,76.59548729
0.060329479,76.59642408
0.060369484,76.62598233
0.060409467,76.63787283
0.060449466,76.66610591
0.060489452,76.6817203
0.060529448,76.70141541
0.060569439,76.70453604
0.06060944,76.73539722
0.060649423,76.75219591
0.06068942,76.77042419
0.060729411,76.7841308
0.060769407,76.80880926
0.060809395,76.82446091
0.060849391,76.84318028
0.060889382,76.85839778
0.060929377,76.87883369
0.060969368,76.90170677
0.061009359,76.92094044
0.061049351,76.92731805
0.06108935,76.95121494
0.061129338,76.9698349
0.061169332,76.98950968
0.061209324,77.00343547
0.061249319,77.02332083
0.06128931,77.04770974
0.0613293,77.06590068
0.061369294,77.08927275
0.061409283,77.10462253
0.061449278,77.11727134
0.061489273,77.13348935
0.061529266,77.15455836
0.061569258,77.17199777
0.061609251,77.19448466
0.061649242,77.2123497
0.061689235,77.23071608
0.061729227,77.24877271
0.06176922,77.26686525
0.061809213,77.27750637
0.06184921,77.30406972
0.061889197,77.31881553
0.061929193,77.33764976
0.061969184,77.36142319
0.062009175,77.37419708
0.062049171,77.39446376
0.062089162,77.41952908
0.062129151,77.435326
0.062169146,77.44155554
0.062209145,77.46997309
0.06224913,77.49078818
0.062289124,77.49075925
0.062329126,77.52743154
0.062369106,77.53955785
0.062409106,77.55731073
0.062449097,77.58282595
0.062489086,77.59522974
0.062529083,77.61529314
0.062569073,77.63287302
0.062609067,77.65115544
0.062649059,77.67047297
0.062689052,77.68765508
0.062729045,77.7062187
0.062769037,77.71964547
0.062809033,77.74656091
0.06284902,77.76240316
0.062889016,77.78282285
0.062929006,77.79366468
0.062969003,77.81571451
0.063008993,77.83614688
0.063048985,77.8568228
0.063088977,77.867944
0.063128974,77.8910489
0.063168963,77.90810203
0.063208957,77.91919788
0.063248953,77.94822214
0.063288939,77.96433483
0.063328935,77.98305505
0.063368926,78.00555075
0.063408917,78.02590231
0.063448909,78.04193535
0.063488903,78.05564432
0.063528898,78.07271337
0.063568891,78.09957283
0.063608879,78.11337562
0.063648875,78.13133015
0.063688867,78.13736691
0.063728866,78.17029503
0.06376885,78.18847908
0.063808845,78.19500595
0.063848843,78.2217166
0.06388883,78.23781259
0.063928825,78.256012
0.063968817,78.27449635
0.06400881,78.29283072
0.064048803,78.31167361
0.064088795,78.33001832
0.064128788,78.34838261
0.064168781,78.36775026
0.064208773,78.38588968
0.064248766,78.40397157
0.064288758,78.42468807
0.06432875,78.43970549
0.064368745,78.46501851
0.064408733,78.47797636
0.06444873,78.49700291
0.064488721,78.52038053
0.064528711,78.5305662
0.064568709,78.54791143
0.064608701,78.56856763
0.064648692,78.58616822
0.064688686,78.60053915
0.06472868,78.61597568
0.064768674,78.64590712
0.06480866,78.665842
0.064848654,78.67981041
0.064888648,78.69875602
0.06492864,78.71886308
0.064968632,78.72951843
0.065008629,78.75473992
0.065048617,78.77513135
0.06508861,78.79133454
0.065128604,78.80779728
0.065168597,78.82666687
0.065208589,78.84678542
0.065248581,78.86862458
0.065288572,78.88513444
0.065328566,78.89451937
0.065368563,78.92481812
0.065408549,78.92888712
0.06544855,78.95459912
0.065488537,78.97410971
0.065528531,78.99241211
0.065568523,79.0126536
0.065608515,79.03097197
0.065648508,79.04477076
0.065688503,79.06124885
0.065728496,79.07834348
0.065768489,79.09995404
0.06580848,79.11076369
0.065848477,79.14124828
0.065888462,79.14825121
0.065928462,79.17193225
0.06596845,79.19336163
0.066008443,79.21187353
0.066048435,79.2281273
0.066088429,79.24284715
0.066128423,79.25730461
0.066168417,79.28482321
0.066208405,79.30571757
0.066248398,79.31502666
0.066288395,79.33412973
0.066328386,79.35312996
0.066368379,79.37942749
0.066408368,79.39670036
0.066448362,79.41073546
0.066488356,79.42731019
0.066528349,79.44577104
0.066568342,79.4630172
0.066608335,79.47828886
0.066648329,79.49989073
0.06668832,79.51629779
0.066728314,79.53259877
0.066768307,79.55517965
0.066808298,79.58062853
0.066848287,79.5879212
0.066888286,79.61545597
0.066928273,79.62702496
0.06696827,79.6446318
0.067008262,79.67086587
0.067048251,79.68190359
0.067088248,79.70010763
0.06712824,79.72325627
0.06716823,79.7411931
0.067208224,79.75866788
0.067248217,79.77820732
0.067288209,79.78865234
0.067328205,79.81387037
0.067368194,79.83120134
0.067408188,79.84940041
0.06744818,79.87266446
0.067488171,79.8800543
0.067528169,79.9012921
0.067568159,79.92867012
0.067608148,79.94587289
0.067648142,79.96674632
0.067688133,79.98519561
0.067728126,80.00454491
0.067768118,80.01905994
0.067808113,80.03980609
0.067848104,80.05798741
0.067888097,80.07531565
0.06792809,80.09384498
0.067968083,80.10991904
0.068008076,80.1304639
0.068048068,80.15301522
0.068088059,80.16239645
0.068128056,80.18806238
0.068168044,80.20693611
0.068208038,80.20816132
0.068248039,80.23787312
0.068288024,80.25905513
0.068328017,80.26562899
0.068368015,80.28502869
0.068408006,80.3088786
0.068447996,80.32869782
0.068487989,80.34551767
0.068527982,80.36556961
0.068567974,80.38416753
0.068607967,80.3983019
0.068647961,80.41681684
0.068687953,80.43932469
0.068727944,80.45276634
0.06876794,80.47385367
0.06880793,80.48711659
0.068847926,80.50711822
0.068887917,80.52610035
0.06892791,80.54374545
0.068967903,80.56214322
0.069007895,80.58285482
0.069047887,80.59852913
0.069087881,80.62520787
0.069127869,80.63446092
0.069167868,80.65974014
0.069207855,80.68267834
0.069247847,80.69187969
0.069287844,80.70667941
0.069327838,80.72584967
0.06936783,80.75069172
0.069407819,80.77150236
0.069447812,80.78522112
0.069487807,80.7980959
0.069527801,80.82326018
0.06956779,80.84339656
0.069607783,80.86464966
0.069647774,80.87380037
0.069687772,80.89889678
0.06972776,80.91878515
0.069767753,80.92469961
0.069807752,80.95266666
0.069847738,80.96745948
0.069887734,80.985608
0.069927726,81.00296065
0.069967719,81.0227172
0.070007711,81.04021084
0.070047704,81.05901751
0.070087697,81.07963995
0.070127688,81.09486867
0.070167683,81.11383358
0.070207675,81.1347722
0.070247666,81.15042552
0.07028766,81.17042961
0.070327652,81.18842206
0.070367645,81.20691711
0.070407637,81.23072823
0.070447628,81.24296303
0.070487624,81.25587272
0.070527618,81.27683525
0.070567609,81.29928779
0.0706076,81.31704871
0.070647594,81.3360087
0.070687586,81.35408829
0.070727579,81.37180166
0.070767572,81.39033755
0.070807564,81.41359097
0.070847554,81.42279023
0.070887552,81.44420138
0.070927542,81.46414691
0.070967535,81.48149817
0.071007528,81.50361688
0.071047519,81.52610285
0.07108751,81.53392297
0.071127508,81.55225323
0.071167499,81.57436758
0.07120749,81.59633972
0.071247482,81.61008995
0.071287477,81.62996299
0.071327468,81.64940397
0.071367461,81.66527799
0.071407454,81.68255031
0.071447447,81.70150269
0.07148744,81.72297545
0.071527431,81.74135722
0.071567424,81.75197709
0.07160742,81.77542586
0.07164741,81.79368998
0.071687403,81.81139876
0.071727396,81.83019359
0.071767388,81.85148256
0.07180738,81.86939381
0.071847373,81.88305906
0.071887368,81.90682977
0.071927357,81.92021355
0.071967353,81.93856394
0.072007345,81.95571987
0.072047338,81.97316901
0.072087331,81.99391852
0.072127323,82.00778399
0.072167318,82.03149577
0.072207307,82.05675174
0.072247297,82.07026368
0.072287293,82.08999259
0.072327284,82.10926763
0.072367277,82.12056073
0.072407273,82.14098872
0.072447264,82.16324803
0.072487255,82.18711169
0.072527245,82.20339493
0.072567239,82.21597096
0.072607234,82.23199894
0.072647228,82.25100039
0.07268722,82.26930335
0.072727213,82.29369132
0.072767203,82.3071981
0.072807198,82.32605605
0.07284719,82.33953028
0.072887185,82.36284947
0.072927175,82.38474495
0.072967166,82.40147353
0.07300716,82.41484586
0.073047155,82.43680178
0.073087145,82.4576543
0.073127137,82.4800922
0.073167128,82.48937571
0.073207126,82.51281282
0.073247115,82.5196764
0.073287114,82.5454634
0.073327101,82.56294035
0.073367096,82.58054569
0.073407088,82.60110119
0.07344708,82.61875085
0.073487073,82.63718032
0.073527066,82.65182345
0.07356706,82.67422078
0.07360705,82.69998108
0.07364704,82.71183943
0.073687036,82.72923159
0.073727029,82.74375982
0.073767023,82.76952825
0.073807012,82.78145318
0.073847009,82.80971306
0.073886996,82.8193302
0.073926994,82.84272141
0.073966983,82.86147107
0.074006976,82.87539997
0.074046971,82.89073334
0.074086964,82.91093739
0.074126956,82.92615839
0.07416695,82.95094106
0.07420694,82.96956463
0.074246933,82.98653302
0.074286926,83.01225796
0.074326915,83.02416566
0.074366912,83.04045682
0.074406904,83.05294477
0.0744469,83.07956132
0.074486888,83.08812365
0.074526886,83.10740387
0.074566877,83.13427857
0.074606866,83.14744156
0.074646862,83.16762899
0.074686853,83.18348537
0.074726847,83.20854882
0.074766837,83.22993852
0.074806829,83.23559385
0.074846827,83.26641645
0.074886813,83.27361695
0.074926812,83.29860471
0.0749668,83.31325579
0.075006796,83.33337946
0.075046787,83.35146059
0.07508678,83.36948743
0.075126773,83.38847703
0.075166765,83.41100467
0.075206756,83.43018599
0.075246749,83.44329983
0.075286744,83.46799478
0.075326733,83.47491272
0.075366732,83.49463777
0.075406722,83.51817883
0.075446713,83.5261627
0.075486711,83.5527964
0.075526699,83.57422564
0.075566691,83.59397346
0.075606683,83.60931011
0.075646677,83.63172938
0.075686668,83.64775541
0.075726662,83.65982103
0.075766657,83.68306502
0.075806647,83.70026728
0.075846641,83.72442321
0.07588663,83.73568237
0.075926627,83.75528181
0.075966618,83.77692371
0.07600661,83.79000135
0.076046605,83.81297305
0.076086595,83.83275697
0.076126588,83.85190222
0.07616658,83.86000759
0.076206577,83.8886197
0.076246564,83.90244857
0.07628656,83.92435717
0.076326551,83.93551669
0.076366547,83.96167266
0.076406535,83.97231318
0.076446532,83.99356089
0.076486523,84.01600732
0.076526514,84.03100016
0.076566509,84.04775612
0.076606502,84.07169619
0.076646492,84.08361561
0.076686488,84.10499253
0.076726478,84.12203774
0.076766472,84.14211749
0.076806464,84.15786408
0.076846458,84.17772346
0.076886449,84.19455013
0.076926443,84.21376618
0.076966435,84.23894036
0.077006425,84.26053314
0.077046416,84.27746128
0.07708641,84.28359143
0.077126408,84.31001614
0.077166396,84.32285253
0.077206392,84.34029604
0.077246385,84.36352994
0.077286375,84.38160967
0.077326368,84.39366699
0.077366364,84.421703
0.077406351,84.4305613
0.077446349,84.44454722
0.077486343,84.47381449
0.07752633,84.49099336
0.077566325,84.50852785
0.077606317,84.52311327
0.077646312,84.54651534
0.077686302,84.57156225
0.077726292,84.58089833
0.077766289,84.59628282
0.077806282,84.61788397
0.077846273,84.64022312
0.077886264,84.65236439
0.07792626,84.67697378
0.07796625,84.68249889
0.078006249,84.70881248
0.078046236,84.72497397
0.078086231,84.74215736
0.078126224,84.76483193
0.078166215,84.78305965
0.078206208,84.79974021
0.078246201,84.81719246
0.078286194,84.84421153
0.078326182,84.85192263
0.078366181,84.88049451
0.078406168,84.88439498
0.078446168,84.91884884
0.078486152,84.92712134
0.078526151,84.95175906
0.07856614,84.96093821
0.078606137,84.99304937
0.078646123,85.00192083
0.078686121,85.01990606
0.078726113,85.0343077
0.078766107,85.06909881
0.078806092,85.06770157
0.078846095,85.10297445
0.078886078,85.1078437
0.078926079,85.13275936
0.078966067,85.14994034
0.079006061,85.16935262
0.079046053,85.17338009
0.079086053,85.20366859
0.079126038,85.22304698
0.079166032,85.24547328
0.079206022,85.26246913
0.079246016,85.28248173
0.079286008,85.29454607
0.079326004,85.31636217
0.079365994,85.33585783
0.079405987,85.35594404
0.079445978,85.36393281
0.079485976,85.38977206
0.079525964,85.4109792
0.079565956,85.43355587
0.079605947,85.44175905
0.079645945,85.45938528
0.079685937,85.47878853
0.079725929,85.49812571
0.079765922,85.5130857
0.079805916,85.542251
0.079845903,85.54940195
0.079885902,85.56964598
0.079925893,85.59593571
0.079965882,85.61415718
0.080005875,85.62510158
0.080045871,85.64151921
0.080085864,85.66334747
0.080125855,85.67768507
0.08016585,85.70020191
0.080205841,85.71508141
0.080245835,85.74180436
0.080285824,85.75669424
0.080325819,85.77682378
0.08036581,85.79334414
0.080405804,85.81594967
0.080445794,85.82934641
0.08048579,85.8527
0.08052578,85.86944362
0.080565773,85.88630125
0.080605766,85.91133899
0.080645756,85.91937184
0.080685754,85.95012968
0.08072574,85.96364253
0.080765736,85.97464166
0.080805732,86.00140451
0.08084572,86.01495613
0.080885715,86.03472939
0.080925707,86.05267026
0.0809657,86.07128299
0.081005692,86.08982857
0.081045685,86.10925182
0.081085677,86.12566523
0.081125671,86.15285862
0.081165659,86.16618217
0.081205655,86.19011789
0.081245645,86.20326477
0.08128564,86.21762678
0.081325634,86.23682503
0.081365626,86.25240291
0.08140562,86.27684771
0.08144561,86.29726315
0.081485602,86.31269573
0.081525596,86.33376641
0.081565588,86.34883087
0.081605582,86.37651242
0.08164557,86.39664479
0.081685563,86.41116069
0.081725557,86.42983501
0.08176555,86.4500883
0.081805542,86.46071633
0.081845538,86.49322345
0.081885524,86.50964266
0.081925518,86.51935105
0.081965515,86.54602736
0.082005503,86.5655371
0.082045496,86.58399897
0.082085489,86.60709777
0.08212548,86.61508837
0.082165478,86.63966139
0.082205467,86.66352061
0.082245457,86.68185935
0.082285451,86.70248335
0.082325442,86.71801827
0.082365437,86.7293806
0.082405432,86.76686939
0.082445416,86.76055173
0.082485421,86.80549431
0.0825254,86.79212327
0.082565409,86.86472975
0.082605375,86.79794129
0.08264541,86.94871342
0.082685336,86.76981067
0.082725429,87.1108558
0.08276526,86.66704898
0.082805486,87.31559124
0.082845158,86.55185609
0.082885555,87.47765063
0.082925075,86.46178643
0.08296561,87.6193544
0.083005003,86.39205821
0.083045654,87.73589487
0.083084945,86.34882299
0.083125683,87.88336876
0.083164875,86.28980923
0.083205722,87.99780184
0.083244819,86.24065799
0.083285754,88.1674593
0.08332474,86.16862045
0.083365801,88.31889413
0.083404668,86.09988621
0.083445846,88.46954584
0.083484597,86.03275791
0.083525889,88.62874201
0.083564523,85.95732684
0.083605938,88.78589484
0.08364445,85.89498384
0.08368598,88.92215037
0.083724387,85.83627778
0.083766018,89.09703981
0.083804309,85.76034886
0.083846068,89.25070593
0.083884239,85.6965878
0.083926111,89.44220161
0.083964155,85.60645587
0.084006169,89.6163246
0.084044077,85.5379071
0.084086216,89.79671634
0.084123999,85.4503657
0.084166273,89.99293775
0.084203913,85.37590774
0.084246324,90.13534054
0.084283851,85.30728592
0.084326369,90.38841678
0.084363746,85.18528926
0.084406448,90.59182654
0.084443658,85.09760681
0.084486508,90.79622014
0.084523573,85.01343294
0.084566565,91.00024519
0.084603489,84.92128589
0.084646626,91.2158637
0.084683401,84.8319131
0.084726688,91.40694461
0.084763323,84.76771362
0.084806734,91.6132544
0.084843242,84.70490143
0.084886781,91.74294755
0.084923189,84.6571317
0.084966815,92.01831204
0.085003082,84.56202923
0.085046884,92.26524143
0.085082983,84.49145485
0.085126939,92.48353273
0.085162896,84.44403073
0.085206979,92.66998292
0.085242823,84.40890546
0.085287011,92.84515531
0.085322755,84.39138148
0.085367033,93.00810604
0.085402695,84.38292133
0.085447048,93.13022173
0.085482654,84.39426239
0.08552705,93.19876175
0.08556264,84.39741967
0.085607051,93.24114743
0.085642653,84.40523689
0.085687044,93.22848691
0.085722724,84.42814944
0.085767019,93.26461184
0.085802796,84.45284612
0.085846993,93.28839417
0.085882868,84.47034602
0.085926971,93.32018124
0.085962954,84.4861452
0.086006947,93.35673187
0.086043049,84.50908021
0.086086917,93.3767231
0.086123142,84.53111746
0.086166889,93.41172973
0.08620322,84.55395112
0.086246863,93.44830032
0.08628325,84.58907714
0.086326839,93.47926052
0.086363331,84.61504299
0.086406811,93.49537667
0.086443402,84.64694919
0.086486782,93.51642098
0.086523468,84.67756427
0.086566754,93.54217003
0.086603555,84.69052258
0.086646732,93.56670275
0.086683695,84.71029766
0.086726697,93.59731698
0.086763777,84.73940694
0.086806667,93.6230168
0.086843852,84.76858277
0.086886639,93.63628634
0.086923949,84.78060292
0.086966615,93.67644515
0.087004053,84.80468529
0.087046585,93.69891058
0.087084157,84.84145988
0.087126548,93.70762223
0.087164208,84.85902334
0.08720653,93.74658104
0.087244331,84.88221845
0.087286496,93.77386769
0.087324406,84.90475029
0.087366472,93.7965241
0.087404513,84.91804377
0.087446446,93.81753636
0.087484646,84.93434091
0.087526414,93.84869783
0.087564749,84.97412731
0.087606377,93.86445337
0.087644783,85.00021592
0.087686358,93.8936593
0.087724911,85.00647171
0.087766332,93.92694682
0.087805031,85.02439708
0.087846302,93.94525102
0.087885144,85.04574896
0.087926272,93.97591695
0.087965218,85.06780167
0.088006249,94.00058702
0.088045338,85.1024527
0.088086211,94.02603243
0.088125388,85.12036352
0.088166194,94.04945958
0.088205531,85.15013414
0.088246154,94.0722867
0.088285574,85.16796921
0.088326138,94.09523556
0.088365748,85.17385398
0.088406105,94.11545587
0.08844585,85.1926726
0.088486079,94.13905428
0.088525962,85.20884959
0.088566052,94.17101698
0.088606072,85.24217835
0.088646017,94.19872025
0.088686161,85.26514088
0.088725991,94.21771282
0.088766272,85.27633611
0.088805966,94.2447029
0.088846454,85.28151608
0.088885933,94.26366474
0.088926545,85.30692766
0.088965905,94.28833477
0.089006649,85.3239269
0.089045879,94.3322481
0.089086772,85.33676712
0.089125852,94.3550628
0.089166892,85.36094867
0.089205821,94.37613943
0.08924701,85.36610201
0.089285798,94.40018629
0.089327134,85.38922117
0.089365767,94.43382244
0.089407258,85.40653285
0.089445738,94.45149631
0.089487367,85.41930935
0.089525713,94.48102004
0.089567494,85.44472149
0.08960568,94.50286934
0.089647582,85.45656551
0.08968566,94.53139365
0.089727726,85.47861571
0.089765626,94.55806649
0.089807855,85.48941943
0.089845599,94.57882472
0.089888016,85.49045673
0.089925571,94.60043392
0.089968162,85.50055257
0.090005542,94.62717992
0.090048311,85.50730966
0.090085514,94.65606533
0.090128421,85.52407752
0.090165488,94.6870206
0.090208597,85.52691454
0.090245457,94.71046815
0.090288656,85.55227733
0.090325436,94.74514593
0.090368827,85.56091224
0.090405403,94.77015165
0.090448958,85.57066986
0.090485377,94.79540654
0.090529105,85.57691297
0.09056535,94.81677553
0.090609281,85.58679279
0.090645316,94.8440482
0.090689413,85.59743548
0.090725289,94.87261234
0.0907696,85.59441054
0.090805259,94.89186752
0.090849735,85.60665272
0.090885231,94.93727957
0.090929882,85.60499648
0.090965207,94.94636239
0.091010038,85.61561714
0.091045177,94.96021326
0.091090191,85.63527042
0.091125143,94.98838785
0.09117032,85.65940568
0.091205112,95.01628267
0.091250434,85.69228747
0.091285081,95.0345679
0.091330469,85.75716318
0.091365049,95.05897162
0.091410483,85.80047586
0.09144503,95.07434555
0.091490533,85.89079797
0.091524986,95.04472492
0.091570423,85.97771114
0.091604969,95.05663626
0.09165048,86.08255488
0.091684918,95.04286668
0.09173025,86.11240454
0.091764943,95.09624932
0.091810653,86.36076814
0.09184478,94.99541906
0.091889376,86.13531956
0.091925072,95.224005
0.091972057,87.3994246
0.092004177,94.369059
0.092043977,87.0027414
0.092085522,95.2659226
0.092132813,88.24139761
0.092163781,92.32198862
0.092203193,88.10255053
0.092245109,95.327482
0.092292934,88.60704441
0.092323643,91.34266655
0.092363606,91.05541939
0.09240373,92.34743309
0.092443186,88.22058427
0.092485055,95.40732542
0.092533383,89.38823436
0.092563337,89.18796227
0.092604586,95.05317955
0.092649498,87.01227868
0.092684697,95.2108547
0.092730875,87.85618268
0.092764172,94.66290107
0.092805766,87.07831129
0.09284522,95.49910014
0.09289456,91.34228908
0.092922624,87.81678835
0.092965324,95.5334864
0.093014939,91.91186734
0.093042432,87.73665402
0.09308539,95.56281885
0.093135248,91.91720103
0.093162617,87.69185259
0.093205386,95.59371947
0.093255572,92.01733152
0.09328315,87.65224276
0.09332533,95.63574678
0.093375887,92.08434465
0.093403678,87.6306956
0.093445266,95.6727715
0.093496198,92.13829582
0.093524172,87.6149821
0.093565204,95.73215606
0.093616522,92.19632553
0.093644624,87.60116672
0.093685146,95.75658946
0.093736838,92.27041823
0.093765184,87.57641941
0.093805079,95.79563275
0.093857153,92.31763294
0.093885717,87.56666222
0.093925008,95.82646808
0.093977415,92.37430209
0.094006144,87.65314965
0.094044911,95.82304598
0.094097185,92.45139978
0.094126103,87.76408454
0.094164868,95.83126304
0.094217219,92.50378256
0.094246334,87.97077192
0.094284746,95.77935354
0.094336388,92.57982702
0.094365703,87.95491244
0.094404839,95.87899724
0.094457764,92.63373515
0.094487288,88.77235746
0.09452428,95.43981302
0.094571967,92.36045224
0.09460253,88.52783033
0.094644994,96.03429226
0.09469969,92.74777174
0.094729594,90.67332029
0.094763299,93.56746425
0.094802725,89.15852373
0.094844673,95.91155013
0.094897586,92.85470762
0.094927868,89.89618152
0.094963763,95.03037051
0.095007249,89.62859221
0.095043937,95.26940197
0.095089563,91.38499623
0.095123054,91.98976368
0.095163381,94.5809981
0.095203089,88.51675629
0.095244927,72.47965854
0.095320195,99.24923554
0.095605971,90.04938245
0.095643906,95.48785391
0.095691248,93.23320919
0.095722868,89.00370825
0.095764728,72.84722121
0.095840195,99.27386559
0.096134181,93.46908323
0.096166848,91.7044337
0.096203173,94.74224455
0.096243578,90.02424115
0.096284176,95.99356212
0.096337079,93.56341183
0.09637009,93.58952159
0.09640324,90.17164975
0.096444147,96.02014048
0.096497352,93.62817244
0.096530744,93.68618768
0.096564297,90.99352072
0.096603684,95.58813382
0.096651786,93.7641892
0.096685621,91.936904
0.096723186,95.00889702
0.096765428,92.0184362
0.096803171,94.99636431
0.09684548,92.25760401
0.096883074,94.89608381
0.096924496,91.80490258
0.096963333,95.30087397
0.097008246,93.91127356
0.0970428,91.26877159
0.097083707,95.80698209
0.097133965,93.9734744
0.097168963,93.98254383
0.097203996,92.1372636
0.097243239,95.29048422
0.097287951,94.04480189
0.097323207,91.96664232
0.097363374,95.51708201
0.097410222,94.10923177
0.097445883,93.90048322
0.097482425,93.31004719
0.097522881,94.93708532
0.097564257,93.07978093
0.097602848,94.93103333
0.097644151,93.21756219
0.097682802,94.90598152
0.097723894,93.26162824
0.097762802,94.95490204
0.097804246,93.6523791
0.097842625,94.80341576
0.097882693,93.05709148
0.097922964,95.2265083
0.097966715,94.37829298
0.098003826,93.82906516
0.098042581,94.85806189
0.098083048,93.62015978
0.098122715,95.01790816
0.098164592,94.56842433
0.098202271,93.97296575
0.09824262,94.99871464
0.098284164,94.62964823
0.098322265,94.34099146
0.098362468,94.91741672
0.098403326,94.52385528
0.098442335,94.85385395
0.098482477,94.4337266
0.098522418,94.95530982
0.098563537,94.73779099
0.098602317,94.71904418
0.098642312,94.93404614
0.098683106,94.78410737
0.098722328,94.92293092
0.098762255,94.88658421
0.098802451,94.87467416
0.098842347,94.87589568
0.098882455,94.87051677
0.098922618,94.88030794
0.098962813,94.88718151
0.099003063,94.89358824
0.099043415,94.91129325
0.099083943,94.9234222
0.099124589,94.93724562
0.099165346,94.96136977
0.099206252,94.97822244
0.099247265,94.99301877
0.099288463,95.01673515
0.09932985,95.04151364
0.099371412,95.05400831
0.099413018,95.08114805
0.099454774,95.09871508
0.09949668,95.11259363
