1.93E-07,16.45152401
4.02E-05,49.9121714
0.000120192,49.91219633
0.000200192,49.91206823
0.000280192,49.91191028
0.000360192,49.9119118
0.000440192,49.91187292
0.000520192,49.91178895
0.000600192,49.91176847
0.000680192,49.91175782
0.000760192,49.91173582
0.000840192,49.91172085
0.000920192,49.91177262
0.001000192,49.91173026
0.001080192,49.91159327
0.001160192,49.91154419
0.001240192,49.91150024
0.001320192,49.9116113
0.001400192,49.91165869
0.001480192,49.91158508
0.001560192,49.9116509
0.001640192,49.9117285
0.001720192,49.91163975
0.001800192,49.91164129
0.001880192,49.91157964
0.001960192,49.9114703
0.002040192,49.91152264
0.002120192,49.91153524
0.002200192,49.91149967
0.002280192,49.9116131
0.002360192,49.91168321
0.002440192,49.9115995
0.002520192,49.91157786
0.002600192,49.91158892
0.002680192,66.51090859
0.002740227,50.16730226
0.002779884,50.18854318
0.002820207,50.19801161
0.002859879,50.22221093
0.002900185,50.23085065
0.002939875,50.24632263
0.00298017,50.27597159
0.003019854,50.2674726
0.003060173,50.28605659
0.003099843,50.33458214
0.003140131,50.30685036
0.003179869,50.34113909
0.0032201,50.35471669
0.003259861,50.377803
0.003300078,50.38826871
0.003339856,50.40241442
0.003380063,50.41982865
0.003419846,50.43571885
0.003460047,50.47138886
0.003499821,50.44596933
0.003540063,50.4952269
0.003579787,50.48385494
0.003620067,50.51149614
0.003659771,50.53569157
0.003700041,50.55519627
0.003739761,50.562687
0.003780029,50.55407446
0.003819774,50.59900647
0.003859988,50.61349054
0.003899767,50.60607465
0.003939988,50.64911754
0.003979739,50.64113824
0.004019988,50.65719572
0.004059733,50.6914465
0.004099954,50.69678614
0.004139735,50.71718336
0.004179932,50.74588547
0.004219718,50.73693694
0.004259933,50.75002905
0.004299714,50.78548484
0.004339898,50.80132503
0.004379707,50.79261829
0.004419899,50.82162404
0.00445969,50.84414671
0.004499875,50.84820063
0.004539693,50.87486329
0.004579848,50.87924134
0.004619695,50.906945
0.00465982,50.92276319
0.004699687,50.9198179
0.004739818,50.96072561
0.00477966,50.95827871
0.004819814,50.9839728
0.004859646,50.98428138
0.004899807,51.00743104
0.004939634,51.02621914
0.004979785,51.040671
0.005019629,51.06109242
0.005059763,51.06890576
0.005099628,51.09048855
0.00513974,51.10493208
0.005179622,51.11104994
0.00521973,51.14337534
0.005259601,51.13665296
0.00529973,51.16348632
0.005339586,51.18410358
0.005379707,51.21963254
0.005419564,51.19082408
0.005459723,51.22505288
0.005499545,51.24746057
0.005539697,51.25270171
0.005579548,51.28057891
0.005619668,51.28279958
0.005659552,51.30858327
0.005699642,51.32869182
0.005739541,51.33162454
0.005779634,51.34749173
0.005819534,51.37063208
0.005859611,51.37663302
0.005899533,51.39872259
0.00593959,51.41228173
0.005979526,51.43123116
0.006019571,51.44681094
0.006059516,51.47361928
0.006099547,51.46019907
0.006139528,51.49283572
0.006179521,51.49764281
0.006219524,51.52464147
0.0062595,51.53910118
0.006299512,51.54953408
0.006339493,51.57138255
0.006379494,51.58148368
0.006419485,51.59632696
0.006459482,51.61558831
0.00649947,51.62800208
0.006539471,51.65038645
0.006579452,51.65802815
0.006619464,51.67553477
0.00665944,51.69436121
0.006699448,51.70982745
0.006739428,51.72423879
0.006779435,51.74610095
0.006819412,51.74964516
0.006859431,51.76967065
0.006899398,51.78094484
0.00693942,51.803269
0.006979382,51.81491741
0.007019408,51.82991412
0.007059372,51.85151141
0.007099389,51.86205379
0.007139365,51.89313131
0.007179364,51.89056971
0.007219367,51.91324922
0.007259346,51.9104654
0.007299368,51.95260975
0.007339315,51.94686456
0.007379368,51.9766904
0.007419297,51.9765466
0.007459363,52.00746252
0.007499278,52.01316097
0.007539352,52.03507386
0.007579267,52.06985398
0.007619319,52.05999736
0.007659278,52.0683283
0.007699309,52.09871765
0.007739258,52.11273897
0.007779294,52.12260917
0.007819253,52.17123673
0.007859253,52.14218707
0.007899275,52.16325415
0.007939239,52.2049886
0.00797924,52.2027176
0.008019241,52.20796421
0.008059236,52.23286828
0.008099221,52.26508814
0.00813921,52.26528194
0.00817922,52.26975453
0.008219208,52.29563675
0.008259199,52.31301337
0.008299194,52.32455423
0.00833919,52.34378825
0.008379179,52.35733493
0.008419179,52.38355377
0.008459159,52.38128215
0.008499179,52.41342503
0.008539136,52.41480668
0.008579174,52.44619715
0.008619116,52.44410013
0.00865917,52.48072901
0.008699093,52.47203635
0.008739169,52.50633194
0.008779074,52.50387013
0.008819162,52.55005062
0.008859047,52.53808067
0.00889916,52.56143055
0.00893904,52.55965376
0.00897915,52.59616332
0.009019023,52.60513281
0.00905913,52.61812479
0.009099024,52.645996
0.009139099,52.64926547
0.009179029,52.68811645
0.009219062,52.67227737
0.009259044,52.69940202
0.00929904,52.7313821
0.00933902,52.71155692
0.009379053,52.74733332
0.009418996,52.76596772
0.009459033,52.77464065
0.009498993,52.79250311
0.009539015,52.80786094
0.009578984,52.81859862
0.009619004,52.83716586
0.009658972,52.85477647
0.009698987,52.88807956
0.009738948,52.87089042
0.009778996,52.90497056
0.009818928,52.91764392
0.009858979,52.9277492
0.009898926,52.9489175
0.009938957,52.96433212
0.009978918,52.98155013
0.010018939,52.99883966
0.010058907,53.0080121
0.010098929,53.02846031
0.010138894,53.04514157
0.010178912,53.06001537
0.010218885,53.07596656
0.010258897,53.08988973
0.010298876,53.10407077
0.010338884,53.12107737
0.010378864,53.13316389
0.010418872,53.15214329
0.010458851,53.16653179
0.010498859,53.18233056
0.01053884,53.20175025
0.010578842,53.21416887
0.010618831,53.22474453
0.010658833,53.24186191
0.010698818,53.26278409
0.010738815,53.27011868
0.010778812,53.29163329
0.010818799,53.30622577
0.0108588,53.32389871
0.010898786,53.33718686
0.010938788,53.35316137
0.010978774,53.36878889
0.011018774,53.38517398
0.011058762,53.40123879
0.011098761,53.41545575
0.011138751,53.43931395
0.011178742,53.43763081
0.011218751,53.45932561
0.011258727,53.47843502
0.011298734,53.49270966
0.011338717,53.51083028
0.011378718,53.52738174
0.011418705,53.54037059
0.011458706,53.55696919
0.011498692,53.58556556
0.011538683,53.56825813
0.011578704,53.60209544
0.011618661,53.61705058
0.011658687,53.6285341
0.011698656,53.64757856
0.011738669,53.66301315
0.011778646,53.67873871
0.011818654,53.69411949
0.011858636,53.7090152
0.01189864,53.72514309
0.011938624,53.74074736
0.011978626,53.75780307
0.012018612,53.77108609
0.012058614,53.79261645
0.012098596,53.80310463
0.012138604,53.81787558
0.012178586,53.83171652
0.012218591,53.86082057
0.012258565,53.8526114
0.012298594,53.88471192
0.012338546,53.89170093
0.012378582,53.91112168
0.012418536,53.93123939
0.01245856,53.93781434
0.012498535,53.96117686
0.012538539,53.97412717
0.012578526,53.99758957
0.01261852,53.99049827
0.01265853,54.01920997
0.0126985,54.04025529
0.01273851,54.04835268
0.012778496,54.06390933
0.012818497,54.0809239
0.012858483,54.09568592
0.012898484,54.11305171
0.01293847,54.12652802
0.012978472,54.14563561
0.013018456,54.15955245
0.013058459,54.1758468
0.013098445,54.19048636
0.013138446,54.21573748
0.013178426,54.2143172
0.013218444,54.24237436
0.013258408,54.24372532
0.013298437,54.26443753
0.013338398,54.29178413
0.013378411,54.28573331
0.013418404,54.3135038
0.01345839,54.33351183
0.013498387,54.33484606
0.013538388,54.36305149
0.013578367,54.37721652
0.013618374,54.38605561
0.013658361,54.41140082
0.013698354,54.4202466
0.013738354,54.44510729
0.013778335,54.46544027
0.013818336,54.45146149
0.013858346,54.50869564
0.013898295,54.48194723
0.013938357,54.51735957
0.01397828,54.53391956
0.014018332,54.54726397
0.014058278,54.56054698
0.014098313,54.57933393
0.014138271,54.59384485
0.014178295,54.61410728
0.01421826,54.62705363
0.01425828,54.63544275
0.014298257,54.65432103
0.014338262,54.6686468
0.014378248,54.68780041
0.014418246,54.70600123
0.014458234,54.72090206
0.014498233,54.73251722
0.014538225,54.76094285
0.014578211,54.75749314
0.014618225,54.77911308
0.014658197,54.79942377
0.014698206,54.81100795
0.01473819,54.81754027
0.014778198,54.84415931
0.014818172,54.85674355
0.014858184,54.86962866
0.014898165,54.89052766
0.014938166,54.90557539
0.014978154,54.91584462
0.015018156,54.93762424
0.015058139,54.95092198
0.015098143,54.97491012
0.015138122,54.97082036
0.015178143,54.99759093
0.015218106,55.01384266
0.015258124,55.02965747
0.015298098,55.04194476
0.01533811,55.06067856
0.015378087,55.06991065
0.015418099,55.09825469
0.015458069,55.09754621
0.015498094,55.1224186
0.015538055,55.13461361
0.015578078,55.1503507
0.015618048,55.16970974
0.015658058,55.17868708
0.015698044,55.20115662
0.015738039,55.21289623
0.015778034,55.2421296
0.015818017,55.23488127
0.015858036,55.27003118
0.015897995,55.279456
0.015938022,55.27527117
0.015978003,55.3191355
0.016017986,55.31100658
0.016058006,55.33858728
0.01609797,55.3515615
0.01613799,55.36962656
0.016177961,55.3800988
0.016217977,55.40268643
0.016257948,55.41214314
0.016297964,55.42977799
0.016337938,55.44339301
0.016377949,55.46365572
0.016417926,55.48428638
0.01645793,55.48217118
0.016497928,55.50634183
0.016537912,55.52522919
0.016577911,55.54096245
0.016617901,55.55852253
0.016657896,55.56274427
0.016697897,55.58573547
0.01673788,55.60457263
0.01677788,55.60945142
0.016817876,55.63526214
0.016857861,55.64780099
0.016897864,55.67334635
0.016937843,55.67767315
0.016977857,55.69225869
0.017017835,55.70976137
0.01705784,55.7280631
0.017097823,55.73687456
0.01713783,55.76049336
0.017177808,55.77499861
0.017217815,55.78811662
0.0172578,55.80357447
0.017297801,55.81753115
0.01733779,55.83165935
0.017377788,55.84934821
0.017417777,55.86614996
0.017457774,55.88181161
0.017497765,55.90296828
0.017537757,55.9002592
0.017577765,55.92932269
0.017617738,55.94052018
0.017657751,55.95474932
0.017697731,55.9693699
0.017737737,55.99066313
0.017777717,56.00525467
0.017817722,56.02531812
0.017857704,56.03236304
0.017897713,56.04735788
0.017937695,56.06384649
0.017977697,56.08226981
0.018017682,56.10062855
0.018057681,56.11156711
0.018097674,56.13017369
0.018137666,56.14667816
0.018177661,56.15852249
0.018217656,56.16921406
0.018257652,56.18511439
0.018297644,56.20405852
0.018337637,56.22209742
0.01837763,56.23771721
0.018417624,56.25501459
0.018457616,56.26548761
0.018497615,56.29205453
0.018537597,56.29137154
0.018577611,56.31553328
0.018617583,56.34285092
0.018657586,56.33151974
0.018697592,56.36041331
0.018737567,56.37447901
0.018777576,56.39276301
0.018817556,56.40924819
0.01885756,56.41990613
0.018897549,56.43939945
0.018937544,56.46475749
0.01897753,56.45231936
0.019017549,56.49076773
0.019057507,56.4941205
0.019097537,56.51858838
0.019137497,56.53354722
0.019177517,56.54856449
0.019217491,56.55744792
0.019257505,56.57686791
0.01929748,56.59341662
0.019337487,56.60863313
0.019377471,56.62265855
0.019417474,56.64115202
0.019457459,56.64969975
0.019497464,56.67252343
0.019537444,56.68058631
0.019577454,56.70253447
0.019617431,56.72068222
0.019657435,56.72873367
0.019697426,56.74989098
0.019737418,56.760274
0.019777417,56.78053238
0.019817404,56.79150657
0.019857406,56.81142243
0.01989739,56.82437016
0.019937393,56.84229827
0.019977378,56.85474893
0.020017381,56.87788919
0.020057363,56.88498095
0.020097371,56.9013866
0.020137353,56.91730588
0.020177356,56.93592138
0.020217341,56.94684149
0.020257345,56.96276846
0.020297331,56.98082912
0.020337328,56.99942287
0.020377317,57.01105302
0.020417317,57.02794517
0.020457305,57.04431176
0.020497303,57.05981467
0.020537294,57.07116972
0.020577293,57.09060723
0.02061728,57.10455731
0.02065728,57.11682297
0.020697271,57.13994248
0.020737262,57.15071248
0.020777261,57.16661163
0.02081725,57.1839345
0.020857246,57.19966199
0.020897238,57.21487714
0.020937234,57.23015875
0.020977227,57.24310634
0.021017223,57.25932187
0.021057214,57.27870066
0.021097207,57.29150064
0.021137204,57.30906824
0.021177194,57.32366352
0.021217191,57.33634328
0.021257184,57.3532958
0.021297177,57.36821502
0.021337172,57.37939303
0.021377168,57.4022887
0.021417155,57.41218471
0.021457158,57.43193542
0.021497142,57.44555269
0.021537144,57.46059284
0.021577132,57.48067987
0.021617127,57.48735584
0.021657126,57.50795646
0.021697113,57.52230313
0.021737113,57.53782532
0.021777102,57.55195229
0.0218171,57.573516
0.021857087,57.58435522
0.021897089,57.60405613
0.021937074,57.61312546
0.021977079,57.63145232
0.022017062,57.65071906
0.022057061,57.66672209
0.022097051,57.6803589
0.022137049,57.69518139
0.02217704,57.71136037
0.022217035,57.72427983
0.02225703,57.74091258
0.022297022,57.76194735
0.022337013,57.76838507
0.022377015,57.79568349
0.022416995,57.79402607
0.022457011,57.82394563
0.022496978,57.83468641
0.022536995,57.84627866
0.022576975,57.87016541
0.022616973,57.87980853
0.022656968,57.90037087
0.022696957,57.90937528
0.022736959,57.92756947
0.022776945,57.94368133
0.022816944,57.95809731
0.022856935,57.97022433
0.022896933,57.98364845
0.022936925,57.99962901
0.02297692,58.02043781
0.023016909,58.05562277
0.023056892,58.03879545
0.023096916,58.06043746
0.023136884,58.07931909
0.023176894,58.11054363
0.023216865,58.10368228
0.023256891,58.12761637
0.023296856,58.14976512
0.023336866,58.1590062
0.023376852,58.17965485
0.023416848,58.1896433
0.023456844,58.2096984
0.023496833,58.21640672
0.023536837,58.2446705
0.023576815,58.24489521
0.02361683,58.27020887
0.023656802,58.28195801
0.023696814,58.29789781
0.023736794,58.31894803
0.023776794,58.32510068
0.02381679,58.3531381
0.023856774,58.35804851
0.023896782,58.37907695
0.023936762,58.38839089
0.02397677,58.40612535
0.024016752,58.42261985
0.024056753,58.43623052
0.024096743,58.45935312
0.024136734,58.46744083
0.024176735,58.48261657
0.024216724,58.50129274
0.024256719,58.51637896
0.024296712,58.53639559
0.024336703,58.54557942
0.024376704,58.5672917
0.024416689,58.58143322
0.02445669,58.59131846
0.024496682,58.61076812
0.024536674,58.6256854
0.02457667,58.64341553
0.024616661,58.65977141
0.024656656,58.67050218
0.024696652,58.68419272
0.024736645,58.70419397
0.024776636,58.72249231
0.02481663,58.73230335
0.024856628,58.7532887
0.024896615,58.767075
0.024936615,58.78022636
0.024976606,58.8074111
0.025016594,58.81795749
0.025056595,58.82058044
0.025096592,58.84278776
0.025136579,58.8579296
0.025176578,58.87215045
0.025216569,58.89154128
0.025256562,58.9084103
0.025296556,58.91817417
0.025336554,58.93531115
0.025376543,58.96037153
0.025416534,58.96486021
0.025456537,58.97704568
0.025496526,59.00478945
0.025536515,59.01859979
0.025576514,59.03205544
0.025616506,59.04006934
0.025656506,59.05568619
0.025696495,59.06955852
0.025736493,59.08696444
0.025776483,59.11007179
0.025816474,59.12080126
0.025856473,59.1363818
0.025896463,59.15574627
0.025936457,59.16807708
0.025976453,59.19023791
0.026016441,59.19489134
0.026056446,59.21354517
0.02609643,59.22558095
0.026136433,59.25453843
0.026176411,59.26134069
0.026216421,59.28198877
0.0262564,59.28693286
0.026296411,59.31362065
0.026336386,59.31217799
0.026376404,59.34080609
0.026416372,59.35077413
0.026456388,59.37608974
0.02649636,59.39376709
0.026536367,59.3874595
0.026576367,59.43347893
0.026616336,59.42913266
0.02665636,59.43214518
0.026696341,59.45957802
0.026736335,59.47977122
0.026776326,59.49858996
0.02681632,59.50849632
0.026856317,59.54424334
0.026896295,59.53176087
0.026936319,59.54986272
0.02697629,59.57503355
0.027016293,59.59208008
0.02705628,59.59894808
0.027096284,59.61716368
0.027136269,59.63699546
0.027176266,59.65187189
0.027216258,59.66717636
0.027256253,59.68298082
0.027296246,59.69991498
0.027336239,59.72771427
0.027376225,59.72720576
0.027416235,59.7298345
0.027456226,59.75888756
0.027496213,59.77495571
0.027536211,59.7915641
0.027576201,59.80447698
0.027616199,59.82100438
0.027656189,59.83713857
0.027696185,59.85318753
0.027736177,59.88492431
0.027776161,59.87014042
0.027816182,59.90133718
0.027856147,59.91855958
0.027896159,59.92512045
0.027936147,59.94553394
0.027976141,59.96198829
0.028016134,59.9761324
0.028056129,59.99814973
0.028096118,60.00278618
0.028136122,60.02728915
0.028176103,60.0385321
0.028216108,60.05567138
0.028256093,60.0801045
0.028296087,60.08474323
0.028336088,60.09938105
0.028376078,60.11984382
0.028416071,60.11012443
0.028456082,60.14820916
0.028496049,60.16462616
0.02853606,60.17816579
0.028576044,60.19266187
0.028616045,60.20890761
0.028656034,60.2243242
0.028696031,60.24146665
0.028736021,60.25456111
0.028776019,60.2723034
0.028816009,60.28584179
0.028856006,60.30031027
0.028895998,60.31959336
0.028935991,60.33139677
0.028975988,60.34945625
0.029015978,60.36458062
0.029055975,60.38187429
0.029095965,60.39759161
0.029135961,60.41144956
0.029175955,60.42619436
0.029215949,60.44056155
0.029255943,60.45814765
0.029295935,60.47539272
0.029335929,60.4842045
0.029375927,60.50632091
0.029415914,60.52060933
0.029455913,60.53217456
0.029495906,60.55003417
0.029535899,60.56039886
0.029575897,60.58385027
0.029615883,60.59387461
0.029655885,60.62334252
0.029695864,60.62348477
0.029735878,60.64453058
0.029775855,60.6595099
0.02981586,60.66926024
0.02985585,60.6946185
0.02989584,60.70489478
0.02993584,60.71755652
0.029975831,60.73531061
0.030015825,60.75269131
0.030055818,60.76668814
0.030095813,60.78185486
0.030135806,60.79510796
0.030175802,60.8130163
0.030215793,60.82765576
0.030255789,60.8457088
0.03029578,60.86530691
0.030335773,60.87182674
0.030375773,60.89145865
0.03041576,60.90236872
0.030455761,60.92328232
0.030495747,60.94027489
0.030535745,60.95440897
0.030575737,60.97120264
0.030615731,60.98590253
0.030655725,61.00134024
0.030695719,61.0135014
0.030735715,61.03188722
0.030775705,61.04668056
0.030815702,61.0618251
0.030855694,61.07657255
0.030895689,61.09487143
0.03093568,61.10919267
0.030975677,61.12250611
0.03101567,61.14020596
0.031055663,61.15446386
0.031095658,61.16876103
0.031135652,61.18585999
0.031175645,61.20090836
0.031215639,61.21784773
0.031255632,61.23181922
0.031295627,61.24703683
0.03133562,61.26405062
0.031375614,61.28284256
0.031415606,61.29290561
0.031455604,61.30834169
0.031495595,61.33490791
0.031535583,61.3317882
0.031575593,61.35593413
0.031615571,61.3732933
0.031655573,61.38697186
0.031695563,61.406391
0.031735557,61.41788986
0.031775553,61.43429534
0.031815545,61.44342595
0.031855544,61.46411756
0.031895531,61.4821768
0.031935527,61.49692032
0.03197552,61.50882458
0.032015517,61.52597418
0.032055508,61.54223323
0.032095503,61.55731789
0.032135496,61.57399039
0.03217549,61.58901691
0.032215484,61.60271762
0.032255479,61.62121945
0.03229547,61.6355149
0.032335466,61.65327915
0.032375457,61.66691167
0.032415454,61.68308669
0.032455445,61.6960056
0.032495442,61.71277313
0.032535433,61.72870045
0.032575428,61.75156873
0.032615417,61.75519176
0.032655422,61.77626887
0.032695405,61.78743955
0.032735408,61.80764489
0.032775393,61.82182889
0.032815393,61.83739828
0.032855383,61.85302523
0.032895379,61.8631077
0.032935375,61.8841319
0.032975364,61.89816692
0.033015362,61.91517344
0.033055352,61.93077238
0.033095348,61.9452503
0.033135341,61.96048434
0.033175335,61.97847546
0.033215327,61.99243455
0.033255323,62.00486684
0.033295318,62.02456182
0.033335308,62.03844415
0.033375305,62.0536436
0.033415297,62.07005872
0.033455292,62.08224715
0.033495287,62.1024393
0.033535277,62.11840022
0.033575273,62.1301672
0.033615268,62.14894295
0.033655259,62.15654233
0.033695259,62.18159445
0.033735243,62.19085861
0.033775247,62.20698797
0.033815234,62.22668106
0.033855229,62.24191079
0.033895222,62.25750347
0.033935217,62.27162087
0.033975211,62.28796573
0.034015204,62.30362889
0.034055198,62.31739561
0.034095193,62.33498827
0.034135185,62.34584256
0.034175183,62.3620671
0.034215173,62.37746073
0.034255169,62.39406512
0.034295161,62.40872055
0.034335157,62.41873161
0.034375153,62.45049514
0.034415135,62.45479235
0.034455143,62.47109739
0.034495128,62.48996828
0.034535125,62.50147106
0.034575119,62.52167331
0.03461511,62.5360888
0.034655106,62.55379205
0.034695097,62.56662173
0.034735094,62.57840803
0.034775088,62.60433433
0.034815075,62.61259083
0.034855078,62.629212
0.034895066,62.64437
0.034935063,62.66016215
0.034975054,62.67044
0.035015053,62.6862154
0.035055044,62.70657243
0.035095036,62.72281033
0.03513503,62.73813984
0.035175024,62.75305488
0.035215018,62.76832044
0.035255012,62.78972218
0.035295002,62.79025809
0.035335008,62.817022
0.035374987,62.82861375
0.035414992,62.84990097
0.035454976,62.86183415
0.035494978,62.87941009
0.035534965,62.8948553
0.035574963,62.91050811
0.035614954,62.92547692
0.03565495,62.93961894
0.035694944,62.95442518
0.035734938,62.97032135
0.035774931,62.98474773
0.035814926,63.00129171
0.035854918,63.01556724
0.035894914,63.01463029
0.035934917,63.0398408
0.035974899,63.06117572
0.036014896,63.07820964
0.036054887,63.09433689
0.036094882,63.10963998
0.036134875,63.12653695
0.036174869,63.14131864
0.036214863,63.15726738
0.036254856,63.17284478
0.03629485,63.18832483
0.036334844,63.20372093
0.036374838,63.22004414
0.036414831,63.23062592
0.036454829,63.24858312
0.036494819,63.26415307
0.036534815,63.27905494
0.036574808,63.29526439
0.036614801,63.31074881
0.036654795,63.32632131
0.036694789,63.3416644
0.036734783,63.35745102
0.036774776,63.37307194
0.03681477,63.38813323
0.036854764,63.40454098
0.036894757,63.41998429
0.036934752,63.43494276
0.036974746,63.45051606
0.037014739,63.46613504
0.037054733,63.4817388
0.037094727,63.49737558
0.037134721,63.51299068
0.037174714,63.52858589
0.037214708,63.54263962
0.037254703,63.55979653
0.037294695,63.57444364
0.03733469,63.59066881
0.037374683,63.6053459
0.037414678,63.62160475
0.03745467,63.63726851
0.037494665,63.65189512
0.037534659,63.66755028
0.037574652,63.68314157
0.037614646,63.69880037
0.03765464,63.7145265
0.037694634,63.73042195
0.037734627,63.74636062
0.037774621,63.7604374
0.037814616,63.77752277
0.037854608,63.79394525
0.037894602,63.80458384
0.037934599,63.82019531
0.037974591,63.83575025
0.038014586,63.85143116
0.038054579,63.86713504
0.038094573,63.8827916
0.038134566,63.89653159
0.038174561,63.91200751
0.038214554,63.92745616
0.038254549,63.94310986
0.038294542,63.9582289
0.038334536,63.97873402
0.038374527,63.99331521
0.038414523,64.00866359
0.038454516,64.02504554
0.03849451,64.04131489
0.038534503,64.0553185
0.038574498,64.07032732
0.038614491,64.08762279
0.038654484,64.10268637
0.038694479,64.11812226
0.038734472,64.13346786
0.038774466,64.14880654
0.03881446,64.16418816
0.038854454,64.17958429
0.038894448,64.19513782
0.038934441,64.21122792
0.038974435,64.22586507
0.039014429,64.24136163
0.039054423,64.25691671
0.039094417,64.27135411
0.039134411,64.28563055
0.039174405,64.29810113
0.039214401,64.3137393
0.039254394,64.33599298
0.039294384,64.35090557
0.03933438,64.36406349
0.039374374,64.3768685
0.039414369,64.39579791
0.03945436,64.40913162
0.039494357,64.42828177
0.039534347,64.44487238
0.039574342,64.45942778
0.039614336,64.47427198
0.03965433,64.48982627
0.039694324,64.50532323
0.039734318,64.52155098
0.039774311,64.53735166
0.039814305,64.55285244
0.039854298,64.56833085
0.039894292,64.58613769
0.039934285,64.59780875
0.039974282,64.61410876
0.040014273,64.62966625
0.040054268,64.6452258
0.040094261,64.66058542
0.040134256,64.67595468
0.040174249,64.6914173
0.040214243,64.70694324
0.040254237,64.72331051
0.04029423,64.74062424
0.040334223,64.75474722
0.040374218,64.77034184
0.040414211,64.78583827
0.040454205,64.79848033
0.040494201,64.81297981
0.040534194,64.82801444
0.040574189,64.84275463
0.040614183,64.863547
0.040654173,64.87837267
0.040694169,64.89353259
0.040734162,64.9096223
0.040774156,64.92184715
0.040814152,64.93741409
0.040854144,64.95540787
0.040894137,64.96711141
0.040934134,64.98456409
0.040974125,65.00124541
0.041014119,65.01710733
0.041054113,65.03308925
0.041094106,65.04948532
0.0411341,65.06532228
0.041174094,65.08045103
0.041214088,65.09337062
0.041254083,65.11035236
0.041294075,65.12274237
0.041334072,65.13758966
0.041374064,65.15844628
0.041414055,65.17308717
0.041454051,65.18788221
0.041494044,65.20111244
0.04153404,65.21662794
0.041574033,65.23210075
0.041614027,65.24757628
0.041654021,65.2630315
0.041694014,65.28131714
0.041734006,65.29300555
0.041774004,65.3120052
0.041813993,65.32431905
0.041853991,65.34009958
0.041893983,65.35562622
0.041933978,65.37455939
0.041973969,65.38953174
0.042013964,65.40489487
0.042053957,65.41816503
0.042093953,65.43642157
0.042133944,65.45276629
0.042173939,65.46432232
0.042213935,65.4838763
0.042253925,65.50414356
0.042293918,65.51606506
0.042333914,65.52463106
0.042373911,65.54513704
0.0424139,65.55468038
0.0424539,65.5843362
0.042493882,65.59475661
0.042533885,65.60931164
0.042573874,65.62486654
0.04261387,65.64078822
0.042653863,65.65543808
0.042693858,65.67173076
0.042733851,65.68552804
0.042773846,65.69793647
0.042813841,65.71528174
0.042853833,65.73636977
0.042893824,65.74358307
0.042933824,65.76436502
0.042973812,65.77680894
0.043013811,65.78980368
0.043053803,65.81332812
0.043093793,65.82195218
0.043133793,65.84213313
0.043173781,65.85414474
0.04321378,65.86909586
0.043253771,65.88507926
0.043293766,65.90296124
0.043333758,65.91502511
0.043373755,65.93481993
0.043413744,65.9477538
0.043453742,65.95979451
0.043493736,65.97900252
0.043533727,65.9949167
0.043573722,66.01064326
0.043613715,66.02589153
0.04365371,66.04159799
0.043693703,66.05722585
0.043733697,66.07487244
0.043773689,66.08839242
0.043813685,66.1046605
0.043853677,66.11916333
0.043893672,66.13566252
0.043933665,66.15224392
0.043973659,66.1675991
0.044013653,66.18492303
0.044053645,66.19779079
0.044093641,66.21325141
0.044133634,66.2312561
0.044173627,66.24334073
0.044213623,66.25491172
0.044253618,66.27629568
0.044293608,66.2883839
0.044333606,66.30829253
0.044373595,66.32217588
0.044413592,66.33771809
0.044453584,66.35337714
0.044493579,66.36877089
0.044533572,66.3843132
0.044573566,66.39966036
0.04461356,66.41600577
0.044653553,66.42603521
0.044693551,66.44716455
0.044733539,66.46027847
0.044773537,66.47431601
0.04481353,66.48218098
0.044853529,66.50673115
0.044893514,66.52434294
0.044933511,66.53138807
0.044973508,66.55104745
0.045013498,66.58655927
0.045053482,66.56521655
0.045093503,66.59334268
0.045133475,66.62348915
0.045173471,66.62090236
0.045213475,66.63899306
0.045253462,66.66423126
0.045293453,66.67894683
0.045333449,66.69173122
0.045373443,66.70848458
0.045413436,66.7213919
0.045453432,66.73661099
0.045493425,66.75630543
0.045533417,66.77115704
0.045573412,66.78524617
0.045613406,66.80710442
0.045653396,66.81917832
0.045693393,66.83457325
0.045733385,66.84889351
0.045773381,66.8640811
0.045813374,66.88268682
0.045853366,66.89261268
0.045893364,66.91187577
0.045933354,66.9270322
0.04597335,66.94234398
0.046013342,66.96176925
0.046053334,66.96597987
0.046093336,66.98219062
0.046133326,67.00707845
0.046173316,67.03381735
0.046213305,67.03346543
0.04625331,67.02534899
0.046293312,67.07083316
0.046333284,67.0806302
0.046373292,67.0868157
0.046413285,67.11018291
0.046453274,67.12442126
0.046493271,67.13941516
0.046533264,67.15951683
0.046573255,67.17149927
0.046613252,67.18628095
0.046653245,67.20704003
0.046693236,67.21760488
0.046733234,67.22931185
0.046773228,67.24953267
0.046813219,67.27036627
0.046853211,67.27851557
0.04689321,67.29841048
0.046933199,67.31607436
0.046973194,67.33176596
0.047013187,67.34589487
0.047053182,67.361652
0.047093175,67.37770051
0.047133169,67.39270894
0.047173163,67.40801763
0.047213157,67.42370434
0.04725315,67.43798588
0.047293145,67.45497609
0.047333137,67.47097189
0.047373132,67.48323535
0.047413127,67.50303438
0.047453117,67.50771355
0.047493119,67.54806114
0.047533095,67.53729689
0.047573113,67.56035743
0.04761309,67.57818468
0.047653091,67.59935913
0.047693078,67.60167609
0.047733083,67.61982671
0.04777307,67.63440746
0.047813067,67.65396498
0.047853057,67.67303612
0.047893051,67.68517535
0.047933046,67.70575649
0.047973036,67.71632513
0.048013035,67.72418516
0.048053031,67.74288973
0.048093022,67.75876867
0.048133017,67.77974538
0.048173007,67.79707408
0.048213001,67.79999968
0.048253002,67.82152518
0.048292989,67.83653345
0.048332986,67.85226468
0.048372978,67.8671088
0.048412973,67.90865943
0.048452951,67.87892404
0.048492979,67.91323351
0.048532946,67.93466035
0.048572949,67.94600113
0.048612941,67.9626884
0.048652935,67.97566877
0.04869293,67.99125994
0.048732923,68.00665946
0.048772917,68.02282831
0.048812911,68.03518951
0.048852906,68.06089384
0.048892893,68.06609105
0.048932896,68.09190427
0.04897288,68.10209206
0.049012882,68.12656092
0.049052866,68.13030436
0.049092871,68.15256183
0.049132856,68.16731991
0.049172854,68.18221173
0.049212846,68.19678289
0.049252842,68.2127907
0.049292834,68.22879642
0.049332828,68.240978
0.049372824,68.2612112
0.049412814,68.27650924
0.04945281,68.29200026
0.049492803,68.3090503
0.049532796,68.31746836
0.049572794,68.33687689
0.049612784,68.34970487
0.049652781,68.36963045
0.049692771,68.38427545
0.049732767,68.3963865
0.049772762,68.41429668
0.049812754,68.42771676
0.049852749,68.44404026
0.049892742,68.46302999
0.049932734,68.47127712
0.049972733,68.49478584
0.05001272,68.50125092
0.050052722,68.52167235
0.050092709,68.54453783
0.050132702,68.54739527
0.050172703,68.57298857
0.050212688,68.58328828
0.050252689,68.60308605
0.050292677,68.61756501
0.050332674,68.63342428
0.050372666,68.64893596
0.050412661,68.65807677
0.050452658,68.6784541
0.050492647,68.6956158
0.050532642,68.71709614
0.050572632,68.71225844
0.050612639,68.7421596
0.050652618,68.75537768
0.05069262,68.77342022
0.050732609,68.78225046
0.050772609,68.80958512
0.050812593,68.82710431
0.05085259,68.82461463
0.050892593,68.84876135
0.050932578,68.8648373
0.050972575,68.88678977
0.051012564,68.89697425
0.051052563,68.91240722
0.051092554,68.92555456
0.05113255,68.94793421
0.051172539,68.94748182
0.051212545,68.9754896
0.051252526,69.00587578
0.051292517,68.984189
0.051332533,69.02468518
0.051372502,69.03714486
0.051412509,69.05093916
0.051452498,69.0626104
0.051492496,69.08480821
0.051532484,69.09703498
0.051572483,69.11377435
0.051612474,69.12976703
0.051652468,69.14031598
0.051692465,69.15877054
0.051732456,69.16567145
0.051772456,69.19760457
0.051812437,69.19644677
0.051852446,69.22586207
0.051892425,69.22742132
0.051932433,69.25329595
0.051972415,69.25696546
0.052012421,69.29067232
0.052052399,69.2873328
0.052092411,69.3212997
0.052132386,69.32254715
0.052172396,69.34861434
0.052212376,69.35308152
0.052252382,69.36974873
0.05229237,69.3901295
0.052332364,69.40232329
0.05237236,69.42205813
0.05241235,69.43297742
0.052452348,69.45373456
0.052492337,69.46564563
0.052532335,69.48294244
0.052572326,69.50191256
0.052612319,69.51459488
0.052652315,69.52593922
0.05269231,69.54463126
0.052732301,69.56873148
0.052772291,69.56545849
0.052812298,69.58752746
0.052852282,69.61003989
0.052892276,69.62555116
0.05293227,69.63784864
0.052972265,69.669404
0.053012249,69.66679235
0.053052258,69.67839209
0.053092247,69.70338017
0.053132238,69.71852415
0.053172233,69.7342391
0.053212226,69.74981255
0.05325222,69.76488742
0.053292214,69.77877327
0.053332209,69.79374989
0.053372202,69.81181191
0.053412195,69.82714514
0.053452189,69.84271299
0.053492183,69.85970691
0.053532176,69.87269301
0.053572171,69.88733254
0.053612165,69.90140811
0.05365216,69.91587577
0.053692154,69.93589017
0.053732145,69.95101781
0.05377214,69.96683256
0.053812133,69.97496573
0.053852131,70.0008758
0.053892117,70.01040571
0.053932118,70.02639586
0.053972109,70.04392459
0.054012102,70.05893532
0.054052097,70.07666
0.054092089,70.08965097
0.054132085,70.11156018
0.054172074,70.12237541
0.054212072,70.13537923
0.054252066,70.14777669
0.054292062,70.16896669
0.054332051,70.18350853
0.054372047,70.19591171
0.054412042,70.21562337
0.054452033,70.22776697
0.05449203,70.24575469
0.054532021,70.26176131
0.054572016,70.27859333
0.054612008,70.28839689
0.054652006,70.30815005
0.054691996,70.32007929
0.054731993,70.33552224
0.054771985,70.35111817
0.05481198,70.36662794
0.054851973,70.38217318
0.054891967,70.39771241
0.054931961,70.41693683
0.054971953,70.43226398
0.055011947,70.44774271
0.055051941,70.46326959
0.055091935,70.47877848
0.055131929,70.4942948
0.055171922,70.50980828
0.055211916,70.52549826
0.05525191,70.54124266
0.055291904,70.55664572
0.055331897,70.56817427
0.055371893,70.58700772
0.055411884,70.59973944
0.055451881,70.62158548
0.05549187,70.63480473
0.055531867,70.6465704
0.055571862,70.66497645
0.055611853,70.67766868
0.05565185,70.6901103
0.055691844,70.71444348
0.055731833,70.72602896
0.055771831,70.74150017
0.055811823,70.75697774
0.055851818,70.77432554
0.05589181,70.79143444
0.055931803,70.79795134
0.055971802,70.8271865
0.056011786,70.83268963
0.05605179,70.85189124
0.056091778,70.86584691
0.056131775,70.88041816
0.056171768,70.8989116
0.05621176,70.91115088
0.056251756,70.93078886
0.056291747,70.94293179
0.056331744,70.96048579
0.056371735,70.97542226
0.05641173,70.98851191
0.056451725,71.00532082
0.056491718,71.02305877
0.056531711,71.03422296
0.056571707,71.04517376
0.056611702,71.0684579
0.056651691,71.07980829
0.056691689,71.09966377
0.056731679,71.11500459
0.056771675,71.13453575
0.056811665,71.13858066
0.056851667,71.1612569
0.056891654,71.18179879
0.056931647,71.18722979
0.056971647,71.20743737
0.057011636,71.23683734
0.057051624,71.22545229
0.057091635,71.2494319
0.057131617,71.26640043
0.057171615,71.28751509
0.057211604,71.298541
0.057251602,71.31525216
0.057291593,71.33275759
0.057331587,71.34783161
0.057371581,71.36283737
0.057411575,71.37445396
0.057451571,71.39120894
0.057491563,71.40755985
0.057531557,71.43055328
0.057571547,71.43765573
0.057611547,71.4570853
0.057651536,71.47190601
0.057691532,71.48768825
0.057731525,71.50667718
0.057771517,71.51287447
0.057811517,71.53918138
0.057851502,71.54595399
0.057891504,71.56482706
0.057931493,71.58101667
0.057971488,71.58844333
0.058011486,71.61136337
0.058051474,71.62920203
0.058091469,71.63695015
0.058131466,71.66217429
0.058171453,71.67325933
0.058211452,71.67659988
0.058251451,71.70729798
0.058291434,71.71582052
0.058331436,71.73342578
0.058371426,71.74932548
0.058411421,71.76730076
0.058451413,71.7812168
0.058491408,71.79868959
0.0585314,71.81441985
0.058571395,71.82899015
0.058611389,71.84799817
0.05865138,71.85797734
0.058691378,71.86665099
0.058731374,71.89201791
0.058771362,71.90536693
0.058811359,71.91836294
0.058851353,71.93794509
0.058891344,71.95210679
0.05893134,71.96898999
0.058971332,71.98412198
0.059011327,71.99866543
0.059051321,72.01466674
0.059091314,72.03020917
0.059131308,72.04603724
0.059171302,72.05195552
0.059211301,72.0729748
0.05925129,72.09877043
0.05929128,72.09985809
0.059331283,72.1228424
0.059371269,72.13932179
0.059411265,72.1554068
0.059451258,72.16557256
0.059491255,72.18817778
0.059531243,72.19962969
0.059571242,72.21463379
0.059611234,72.23268795
0.059651227,72.24063664
0.059691225,72.26309484
0.059731213,72.27623962
0.059771211,72.29553404
0.059811201,72.30610599
0.059851199,72.32579898
0.059891189,72.33513352
0.059931188,72.35306476
0.059971178,72.37675154
0.060011169,72.38463412
0.060051168,72.40642243
0.060091156,72.41508479
0.060131156,72.43292897
0.060171146,72.44776564
0.060211142,72.46327296
0.060251135,72.47576957
0.06029113,72.50195601
0.060331118,72.5014524
0.060371123,72.52253073
0.060411109,72.55058458
0.060451099,72.55296163
0.060491101,72.57693823
0.060531087,72.58787237
0.060571087,72.60293798
0.060611079,72.61853245
0.060651073,72.63465109
0.060691066,72.65098859
0.06073106,72.66442597
0.060771055,72.6788789
0.060811049,72.69763566
0.060851041,72.7158307
0.060891034,72.72183977
0.060931033,72.74349169
0.060971021,72.7609752
0.061011016,72.77118496
0.061051012,72.78614686
0.061091006,72.80860092
0.061130996,72.81484907
0.061170996,72.84198212
0.061210981,72.8520972
0.061250981,72.86156201
0.061290976,72.88147513
0.061330967,72.89025865
0.061370966,72.9158438
0.061410952,72.92633262
0.061450951,72.94143948
0.061490943,72.96040642
0.061530936,72.97666977
0.06157093,72.99117217
0.061610924,73.00820028
0.061650917,73.02348194
0.061690911,73.03389708
0.061730907,73.05467904
0.061770897,73.07186837
0.061810892,73.08198479
0.061850888,73.09929423
0.06189088,73.11168995
0.061930876,73.13249306
0.061970866,73.151695
0.062010859,73.15509034
0.06205086,73.1779654
0.062090847,73.18186577
0.06213085,73.21890131
0.062170829,73.21907826
0.062210836,73.24401295
0.06225082,73.25188822
0.062290822,73.26631124
0.062330813,73.27999758
0.062370809,73.29241007
0.062410804,73.32741976
0.062450786,73.32382868
0.062490795,73.35544584
0.062530774,73.35671484
0.062570781,73.38130366
0.062610765,73.39119178
0.062650766,73.41284563
0.062690754,73.41396219
0.062730757,73.44908948
0.062770737,73.44794778
0.062810745,73.468237
0.062850731,73.48408127
0.062890727,73.49565584
0.062930722,73.51278447
0.062970715,73.5295439
0.063010708,73.54564039
0.063050702,73.56933734
0.063090691,73.57640329
0.063130691,73.59508874
0.063170681,73.60708628
0.063210678,73.62726813
0.063250668,73.63984402
0.063290665,73.65300005
0.063330659,73.67348882
0.06337065,73.68025005
0.06341065,73.69605354
0.063450641,73.71950255
0.063490632,73.73475158
0.063530627,73.74637752
0.063570622,73.76328976
0.063610615,73.78334237
0.063650606,73.79752818
0.063690602,73.80954105
0.063730597,73.8275913
0.063770589,73.84272862
0.063810583,73.85778271
0.063850577,73.87075693
0.063890572,73.89043838
0.063930563,73.90376818
0.063970559,73.91687145
0.064010554,73.93568063
0.064050546,73.95057818
0.06409054,73.9671846
0.064130533,73.98516258
0.064170526,73.99294237
0.064210524,74.01115564
0.064250515,74.02779343
0.064290509,74.04045334
0.064330505,74.05721506
0.064370497,74.07850443
0.064410488,74.08841889
0.064450486,74.10609517
0.064490477,74.12631829
0.064530469,74.13441613
0.064570468,74.15990256
0.064610455,74.16315559
0.064650457,74.18553952
0.064690444,74.2034349
0.064730439,74.20969078
0.064770438,74.23254238
0.064810426,74.24494159
0.064850423,74.26445411
0.064890414,74.27808292
0.06493041,74.29344539
0.064970403,74.30999289
0.065010396,74.32807664
0.065050389,74.33508446
0.065090388,74.35416778
0.065130378,74.37360284
0.065170371,74.38546113
0.065210367,74.401004
0.06525036,74.41506961
0.065290355,74.43502945
0.065330346,74.45151066
0.06537034,74.46385076
0.065410335,74.47765563
0.065450329,74.50003879
0.065490319,74.50838913
0.065530318,74.52912672
0.065570308,74.5455004
0.065610302,74.55744393
0.065650298,74.57208049
0.065690292,74.5901077
0.065730284,74.60644804
0.065770278,74.62192999
0.065810272,74.64439539
0.065850262,74.63794541
0.065890269,74.66882683
0.06593025,74.67901291
0.065970251,74.7021994
0.066010238,74.71287726
0.066050236,74.72361714
0.066090231,74.74697508
0.06613022,74.76029389
0.066170217,74.77271564
0.066210212,74.78815127
0.066250205,74.80363551
0.066290199,74.81910786
0.066330193,74.8345627
0.066370187,74.85004928
0.06641018,74.86553821
0.066450174,74.88103772
0.066490168,74.89655574
0.066530162,74.91207941
0.066570156,74.9276133
0.066610149,74.94337111
0.066650143,74.95896526
0.066690137,74.97455141
0.066730131,74.99341642
0.066770123,75.00878832
0.066810117,75.02417575
0.066850111,75.03802605
0.066890105,75.05119166
0.0669301,75.06677493
0.066970094,75.08229727
0.067010088,75.09780594
0.067050081,75.1134404
0.067090075,75.1289986
0.067130069,75.14450921
0.067170063,75.16003246
0.067210056,75.17552069
0.06725005,75.19108718
0.067290044,75.20808592
0.067330037,75.22235634
0.067370032,75.24269535
0.067410023,75.25335866
0.06745002,75.26973153
0.067490012,75.28499647
0.067530007,75.30468257
0.067569998,75.31724668
0.067609994,75.33074661
0.067649988,75.34663483
0.067689982,75.36338801
0.067729975,75.3839407
0.067769966,75.39220402
0.067809965,75.40774844
0.067849957,75.42366266
0.067889951,75.43673552
0.067929946,75.46096524
0.067969935,75.47534046
0.068009931,75.48460084
0.068049927,75.50761482
0.068089916,75.51533709
0.068129916,75.53329113
0.068169906,75.55016144
0.0682099,75.56710764
0.068249893,75.57967933
0.068289889,75.59534786
0.068329882,75.61173271
0.068369876,75.62758932
0.068409869,75.64456985
0.068449862,75.65846456
0.068489857,75.67695065
0.068529849,75.69556883
0.068569842,75.70448521
0.06860984,75.70720153
0.068649839,75.72916711
0.068689828,75.74581832
0.068729822,75.76702032
0.068769813,75.78182052
0.068809808,75.79386571
0.068849803,75.81413795
0.068889794,75.82665172
0.06892979,75.84433946
0.068969782,75.85460099
0.069009779,75.87522146
0.06904977,75.88910909
0.069089765,75.90377742
0.069129759,75.91674012
0.069169754,75.93386757
0.069209747,75.95135078
0.06924974,75.96171082
0.069289737,75.980225
0.069329728,75.97533807
0.069369733,76.03061386
0.069409702,76.00514816
0.069449725,76.03981117
0.0694897,76.05419343
0.0695297,76.07084678
0.069569692,76.08871469
0.069609685,76.10229475
0.06964968,76.11787304
0.069689673,76.13779704
0.069729665,76.1482511
0.069769662,76.16369344
0.069809655,76.1849228
0.069849646,76.19274677
0.069889645,76.21559478
0.069929633,76.22928042
0.069969629,76.24137374
0.070009624,76.25703417
0.070049618,76.27408853
0.070089611,76.29230739
0.070129603,76.30500405
0.070169599,76.32104315
0.070209592,76.33620179
0.070249586,76.35271535
0.070289579,76.3682077
0.070329573,76.3825235
0.070369568,76.39973658
0.07040956,76.41488177
0.070449555,76.42911979
0.070489549,76.4416772
0.070529544,76.46062485
0.070569536,76.48216025
0.070609527,76.49294177
0.070649524,76.50862709
0.070689517,76.52016664
0.070729513,76.53692169
0.070769505,76.56141267
0.070809495,76.56355969
0.070849497,76.58971578
0.070889483,76.60128082
0.070929481,76.61724631
0.070969473,76.63302888
0.071009467,76.64609556
0.071049462,76.66153099
0.071089456,76.67702746
0.07112945,76.6948996
0.071169442,76.71018931
0.071209437,76.7244587
0.071249431,76.73810086
0.071289426,76.75475284
0.071329419,76.77372095
0.071369411,76.78775354
0.071409406,76.80312785
0.071449399,76.81214912
0.071489397,76.83573398
0.071529385,76.85149796
0.07156938,76.8641933
0.071609375,76.88436378
0.071649366,76.89473418
0.071689364,76.9105493
0.071729356,76.92652236
0.07176935,76.94287724
0.071809343,76.95604894
0.071849339,76.97164136
0.071889332,76.98728023
0.071929326,77.00287724
0.071969319,77.0185697
0.072009313,77.03408011
0.072049307,77.04965965
0.072089301,77.0652549
0.072129295,77.08087963
0.072169288,77.10644056
0.072209277,77.11067238
0.072249278,77.12745096
0.072289269,77.14279165
0.072329264,77.15810287
0.072369257,77.17579087
0.07240925,77.18969076
0.072449245,77.20667504
0.072489238,77.2193218
0.072529233,77.24309126
0.072569222,77.25114833
0.072609221,77.27091692
0.072649211,77.28216063
0.072689209,77.30231761
0.072729199,77.31111419
0.072769197,77.32977508
0.072809188,77.34819743
0.072849181,77.35891256
0.072889178,77.3800147
0.072929168,77.39494752
0.072969163,77.40522234
0.073009159,77.42447225
0.07304915,77.44160678
0.073089144,77.45947754
0.073129137,77.46662962
0.073169135,77.48269091
0.073209127,77.50489325
0.073249118,77.51681729
0.073289115,77.52954888
0.073329109,77.55137587
0.073369099,77.56468486
0.073409095,77.57583802
0.073449091,77.59335334
0.073489083,77.61080124
0.073529076,77.62556981
0.073569071,77.6401773
0.073609065,77.65718759
0.073649058,77.67278762
0.073689052,77.69367484
0.073729043,77.70249986
0.073769041,77.71995345
0.073809032,77.73617638
0.073849026,77.74622842
0.073889023,77.77050268
0.073929011,77.77603127
0.073969012,77.79482337
0.074009002,77.81615946
0.074048994,77.8253536
0.074088991,77.84109314
0.074128984,77.85976044
0.074168977,77.87614534
0.07420897,77.89155401
0.074248964,77.90255484
0.07428896,77.92083725
0.074328952,77.93910257
0.074368945,77.94651007
0.074408943,77.96613046
0.074448934,77.98220724
0.074488928,77.99782151
0.074528922,78.01325011
0.074568915,78.03043983
0.074608908,78.0428174
0.074648904,78.06042289
0.074688896,78.08293211
0.074728887,78.09622905
0.074768883,78.10669549
0.074808878,78.1197705
0.074848873,78.1370676
0.074888866,78.15936612
0.074928856,78.16675417
0.074968855,78.18672559
0.075008845,78.19830769
0.075048842,78.22175381
0.075088831,78.23928186
0.075128825,78.24318769
0.075168825,78.26110931
0.075208816,78.28241298
0.075248807,78.28890651
0.075288806,78.30992969
0.075328796,78.32943055
0.075368789,78.34201629
0.075408784,78.36520241
0.075448774,78.3735699
0.075488772,78.38555169
0.075528767,78.40499407
0.075568758,78.41818357
0.075608754,78.44839684
0.07564874,78.44622665
0.075688745,78.45833724
0.075728737,78.48440328
0.075768726,78.494649
0.075808724,78.51913651
0.075848712,78.52862573
0.07588871,78.54684479
0.075928701,78.56079835
0.075968697,78.57933507
0.076008689,78.58882457
0.076048686,78.60238597
0.07608868,78.62343719
0.076128671,78.62756273
0.076168671,78.65829716
0.076208655,78.66260673
0.076248658,78.68888981
0.076288644,78.69662689
0.076328643,78.71476142
0.076368634,78.7268672
0.076408631,78.74416019
0.076448623,78.76050372
0.076488617,78.77476519
0.076528611,78.79027918
0.076568605,78.81071732
0.076608596,78.8299155
0.076648589,78.84049092
0.076688585,78.85751598
0.076728577,78.87240183
0.076768572,78.89146399
0.076808564,78.90501582
0.076848559,78.9174769
0.076888554,78.93373766
0.076928547,78.94992351
0.076968541,78.95782305
0.077008539,78.97980751
0.077048528,78.99566287
0.077088523,79.0109385
0.077128516,79.02603466
0.077168511,79.04055972
0.077208505,79.05591395
0.077248499,79.07277273
0.077288492,79.08509189
0.077328487,79.10275081
0.077368479,79.1205899
0.077408472,79.13245068
0.077448468,79.15218003
0.077488459,79.16533454
0.077528455,79.18299601
0.077568447,79.19729352
0.077608442,79.21565
0.077648434,79.23100755
0.077688429,79.24478229
0.077728423,79.25830036
0.077768418,79.27628275
0.07780841,79.29242941
0.077848404,79.30472463
0.077888399,79.3237872
0.077928391,79.33954884
0.077968385,79.3527576
0.07800838,79.37229112
0.078048371,79.37737719
0.078088371,79.40082761
0.078128359,79.42691296
0.078168349,79.42021346
0.078208355,79.44895042
0.078248339,79.45380313
0.078288341,79.47181431
0.078328331,79.48795028
0.078368326,79.51134766
0.078408315,79.52449949
0.078448312,79.53953231
0.078488305,79.55589574
0.078528298,79.56968403
0.078568293,79.57864379
0.07860829,79.60365821
0.078648278,79.61556703
0.078688275,79.62975274
0.078728269,79.64778682
0.078768262,79.65836994
0.078808258,79.68416957
0.078848246,79.6907822
0.078888246,79.71205195
0.078928235,79.7233073
0.078968232,79.74397252
0.079008223,79.75936036
0.079048217,79.76154185
0.079088218,79.79139034
0.079128203,79.79562118
0.079168204,79.82240815
0.07920819,79.83787824
0.079248186,79.84631288
0.079288183,79.8675889
0.079328173,79.87686611
0.079368171,79.8964809
0.079408162,79.90363064
0.07944816,79.92438216
0.07948815,79.94316305
0.079528144,79.96502134
0.079568134,79.96545858
0.079608136,79.99283805
0.079648122,80.00599505
0.079688119,80.01186328
0.079728117,80.03722685
0.079768105,80.05242715
0.0798081,80.0612005
0.079848097,80.07042492
0.079888093,80.0979589
0.07992808,80.11993765
0.079968073,80.12028365
0.080008075,80.13819415
0.080048065,80.15916338
0.080088057,80.17194006
0.080128053,80.19651342
0.080168041,80.19785543
0.080208043,80.22288991
0.08024803,80.23556428
0.080288027,80.24677409
0.080328023,80.26890532
0.080368013,80.2809849
0.080408009,80.29599225
0.080448002,80.30998812
0.080487997,80.32676321
0.08052799,80.34223662
0.080567984,80.35689725
0.080607978,80.37622998
0.08064797,80.39452002
0.080687963,80.40224699
0.080727961,80.42480456
0.08076795,80.44104592
0.080807945,80.44884367
0.080847942,80.47119194
0.080887932,80.48785028
0.080927926,80.49173051
0.080967925,80.51559214
0.081007914,80.53505426
0.081047907,80.54490875
0.081087904,80.56452089
0.081127895,80.57452331
0.081167892,80.58750755
0.081207886,80.59898332
0.081247882,80.62203832
0.081287871,80.63531976
0.081327867,80.65149951
0.08136786,80.6726554
0.081407851,80.68996518
0.081447845,80.70531113
0.081487839,80.7089273
0.081527839,80.73050837
0.081567828,80.74726299
0.081607822,80.76097208
0.081647817,80.77749931
0.08168781,80.79222829
0.081727804,80.80894708
0.081767797,80.82832957
0.081807789,80.84007366
0.081847785,80.85840095
0.081887777,80.86873027
0.081927774,80.8896175
0.081967765,80.90317307
0.08200776,80.92225663
0.082047752,80.93422853
0.082087748,80.95023874
0.082127741,80.96809035
0.082167734,80.98573896
0.082207727,80.99009221
0.082247726,81.01318302
0.082287715,81.02989963
0.082327709,81.04323923
0.082367704,81.059006
0.082407697,81.0827654
0.082447687,81.07978185
0.082487691,81.10657588
0.082527677,81.12547541
0.082567671,81.13059326
0.08260767,81.15778735
0.082647657,81.1647982
0.082687656,81.18452232
0.082727647,81.19633939
0.082767643,81.21782746
0.082807633,81.23111116
0.082847629,81.24407425
0.082887624,81.25982461
0.082927617,81.27443655
0.082967611,81.29678584
0.083007602,81.30595011
0.083047599,81.3222758
0.083087592,81.34135264
0.083127584,81.35582437
0.083167579,81.37135523
0.083207572,81.38748317
0.083247566,81.39789329
0.083287562,81.4199911
0.083327552,81.4291933
0.08336755,81.44805006
0.083407541,81.46365203
0.083447536,81.48083713
0.083487529,81.48942025
0.083527526,81.51034949
0.083567516,81.52593763
0.083607511,81.54134974
0.083647505,81.55335249
0.0836875,81.56897171
0.083727493,81.58538961
0.083767487,81.60152125
0.08380748,81.61301062
0.083847476,81.6341881
0.083887467,81.64432877
0.083927464,81.66270377
0.083967456,81.6824013
0.084007448,81.69804799
0.084047442,81.71126944
0.084087437,81.72593419
0.084127431,81.73801543
0.084167426,81.76337842
0.084207415,81.77059899
0.084247414,81.78239273
0.084287408,81.79511299
0.084327403,81.82017569
0.084367392,81.8387716
0.084407386,81.85214983
0.084447381,81.86933855
0.084487373,81.8829511
0.084527368,81.90033074
0.084567361,81.91100997
0.084607357,81.93057998
0.084647348,81.9378454
0.084687347,81.96047865
0.084727336,81.97435639
0.084767332,81.98966034
0.084807325,82.00496571
0.084847319,82.01885106
0.084887314,82.03650569
0.084927306,82.05582965
0.084967299,82.07567846
0.085007291,82.08083155
0.08504729,82.09880962
0.085087281,82.1138841
0.085127276,82.13457294
0.085167267,82.15001719
0.085207261,82.16135478
0.085247257,82.17165464
0.085287253,82.19457917
0.085327243,82.2099305
0.085367237,82.22211285
0.085407233,82.2369138
0.085447226,82.25595888
0.085487218,82.27209233
0.085527212,82.28607959
0.085567207,82.30028202
0.085607201,82.31584648
0.085647195,82.33000724
0.085687189,82.34879522
0.085727181,82.36432309
0.085767176,82.37650037
0.085807171,82.391757
0.085847164,82.41630626
0.085887154,82.42384207
0.085927152,82.44292983
0.085967144,82.45471421
0.08600714,82.47154735
0.086047132,82.48696537
0.086087126,82.50355921
0.08612712,82.51901008
0.086167114,82.53432649
0.086207108,82.55059381
0.086247101,82.56023391
0.086287098,82.57974026
0.086327089,82.59510788
0.086367083,82.61080353
0.086407077,82.62407847
0.086447072,82.64356079
0.086487063,82.65338313
0.08652706,82.67204766
0.086567052,82.68734545
0.086607047,82.70453457
0.086647039,82.72660953
0.08668703,82.7318739
0.086727029,82.74820254
0.086767022,82.76614188
0.086807015,82.78003025
0.086847009,82.79685308
0.086887002,82.81200054
0.086926997,82.82862776
0.08696699,82.84637807
0.087006983,82.858579
0.087046978,82.87834275
0.087086969,82.89030508
0.087126966,82.90835251
0.087166958,82.92195088
0.087206953,82.93973984
0.087246945,82.948987
0.087286942,82.96562664
0.087326935,82.97822869
0.08736693,83.0061613
0.087406918,83.0148318
0.087446916,83.02535663
0.087486911,83.05019357
0.0875269,83.06107124
0.087566897,83.07726153
0.08760689,83.08917445
0.087646886,83.11005954
0.087686877,83.12322035
0.087726872,83.13862798
0.087766866,83.15323636
0.08780686,83.16938005
0.087846854,83.19053873
0.087886845,83.19596463
0.087926844,83.21463665
0.087966835,83.23457411
0.088006827,83.24168925
0.088046825,83.26351389
0.088086815,83.28125984
0.088126809,83.29552508
0.088166803,83.30848039
0.088206798,83.32304482
0.088246792,83.34652599
0.088286782,83.35261666
0.088326781,83.37865145
0.088366769,83.38278971
0.088406769,83.40627705
0.088446758,83.41616505
0.088486755,83.4366648
0.088526746,83.44765332
0.088566743,83.47622118
0.08860673,83.46863306
0.088646736,83.50263892
0.088686718,83.50903501
0.088726719,83.52851219
0.088766709,83.54448476
0.088806704,83.56484575
0.088846695,83.57520722
0.088886692,83.58679397
0.088926687,83.60485828
0.088966679,83.61257725
0.089006677,83.63208187
0.089046668,83.6492744
0.089086662,83.67314043
0.089126652,83.67889632
0.089166651,83.69554224
0.089206643,83.70936167
0.089246638,83.73183406
0.089286628,83.74045952
0.089326626,83.76068909
0.089366617,83.77768166
0.08940661,83.79011571
0.089446606,83.80537118
0.089486599,83.82019249
0.089526593,83.84658427
0.089566582,83.85286156
0.089606581,83.86593786
0.089646575,83.88239828
0.089686568,83.90175599
0.08972656,83.91765549
0.089766554,83.9314281
0.089806549,83.94757993
0.089846542,83.9583808
0.089886538,83.9774013
0.08992653,83.99073241
0.089966525,84.00584439
0.090006519,84.01319065
0.090046517,84.04986102
0.0900865,84.04748196
0.090126504,84.07320738
0.090166491,84.09108705
0.090206485,84.10089509
0.090246482,84.11337997
0.090286476,84.1323175
0.090326468,84.14184605
0.090366465,84.16354088
0.090406456,84.17134897
0.090446454,84.20893398
0.090486436,84.21392414
0.090526437,84.22797657
0.09056643,84.23559801
0.090606428,84.25030353
0.090646421,84.27696106
0.09068641,84.29419597
0.090726404,84.30162058
0.090766402,84.31849293
0.090806394,84.33594819
0.090846387,84.35739328
0.090886378,84.3738145
0.090926372,84.37973387
0.09096637,84.39669085
0.091006363,84.41674207
0.091046355,84.42707132
0.091086351,84.44901837
0.091126341,84.45324205
0.091166341,84.46799774
0.091206334,84.49678805
0.091246322,84.49925714
0.091286323,84.52972575
0.091326308,84.53171348
0.09136631,84.55008805
0.091406301,84.56080162
0.091446298,84.58891944
0.091486285,84.5952838
0.091526284,84.59994296
0.091566282,84.63719961
0.091606265,84.64370457
0.091646265,84.66022806
0.091686257,84.6837671
0.091726248,84.69395887
0.091766244,84.69413935
0.091806245,84.72442323
0.091846231,84.75067599
0.091886221,84.75610305
0.09192622,84.781235
0.091966208,84.76909024
0.092006216,84.8157021
0.092046193,84.80394208
0.092086202,84.84012095
0.092126184,84.84523211
0.092166185,84.86349091
0.092206176,84.87241689
0.092246173,84.88878018
0.092286166,84.91220135
0.092326156,84.91469914
0.092366157,84.94497128
0.092406142,84.94700973
0.092446144,84.96839919
0.092486134,84.98046438
0.09252613,85.01125234
0.092566116,85.0171141
0.092606116,85.03310334
0.092646108,85.03833223
0.092686107,85.0540216
0.0927261,85.08023557
0.092766089,85.11068103
0.092806076,85.11002718
0.092846079,85.12069169
0.092886073,85.14183243
0.092926065,85.15015327
0.092966062,85.17168164
0.093006052,85.18733253
0.093046047,85.20285285
0.093086041,85.21829883
0.093126034,85.21885708
0.093166035,85.25136927
0.09320602,85.27794243
0.09324601,85.26785069
0.093286016,85.29501053
0.093326003,85.31730108
0.093365994,85.32777971
0.093405991,85.34585849
0.093445983,85.37292742
0.093485972,85.36872334
0.093525976,85.40229861
0.093565959,85.39590338
0.093605965,85.42260351
0.093645952,85.43433606
0.093685948,85.45230427
0.093725941,85.46796118
0.093765934,85.48515981
0.093805927,85.50091083
0.093845921,85.51723796
0.093885915,85.53214938
0.093925909,85.55686427
0.093965898,85.54947253
0.094005904,85.56379319
0.094045896,85.59579976
0.094085882,85.61657619
0.094125875,85.61200551
0.094165878,85.64035026
0.094205864,85.65437436
0.09424586,85.67669023
0.094285851,85.68802454
0.094325847,85.6957663
0.094365844,85.72943137
0.094405829,85.716745
0.094445837,85.75505503
0.094485818,85.77404508
0.094525812,85.76905089
0.094565815,85.79474851
0.094605803,85.80882403
0.094645798,85.83045402
0.094685789,85.83787562
0.094725787,85.86074587
0.094765777,85.88015488
0.09480577,85.87970525
0.094845771,85.89677338
0.094885763,85.9159356
0.094925755,85.93530195
0.094965747,85.9555194
0.095005739,85.96285296
0.095045737,85.98095355
0.095085729,85.99334188
0.095125725,86.0074555
0.095165719,86.02657822
0.095205711,86.04494524
0.095245704,86.05531313
0.0952857,86.07566525
0.095325691,86.09550351
0.095365683,86.09585639
0.095405684,86.12068405
0.095445673,86.13128282
0.09548567,86.14449894
0.095525664,86.16600853
0.095565655,86.19261176
0.095605644,86.19603905
0.095645644,86.20504215
0.09568564,86.23090176
0.095725629,86.2474538
0.095765623,86.26012847
0.095805618,86.27172429
0.095845613,86.28494872
0.095885608,86.29897176
0.095925602,86.3188061
0.095965594,86.33930808
0.096005586,86.34868852
0.096045583,86.36922613
0.096085574,86.37783059
0.096125571,86.39031956
0.096165566,86.42092893
0.096205553,86.43747695
0.096245547,86.45444089
0.09628554,86.45224877
0.096325542,86.48691827
0.096365526,86.48658478
0.096405528,86.50171998
0.096445521,86.5259371
0.096485511,86.54091387
0.096525506,86.55662678
0.096565499,86.56538899
0.096605496,86.59025033
0.096645485,86.60201409
0.096685481,86.62126905
0.096725473,86.62701161
0.096765472,86.64374946
0.096805464,86.66660996
0.096845455,86.67448168
0.096885453,86.69533237
0.096925443,86.71570054
0.096965435,86.72868579
0.097005431,86.73632079
0.097045428,86.75965624
0.097085417,86.77579507
0.097125412,86.79950724
0.097165402,86.798508
0.097205404,86.82091968
0.097245393,86.83076866
0.09728539,86.8524367
0.09732538,86.87270908
0.097365373,86.88582709
0.097405368,86.90065975
0.097445362,86.9160982
0.097485355,86.93117498
0.09752535,86.95453723
0.09756534,86.96501764
0.097605336,86.97229321
0.097645333,86.99895407
0.097685322,87.00729266
0.09772532,87.0262488
0.097765311,87.03936901
0.097805306,87.0565687
0.097845299,87.07615479
0.097885291,87.08588508
0.097925288,87.10854188
0.097965278,87.11787365
0.098005275,87.13981095
0.098045266,87.15473147
0.09808526,87.17150556
0.098125253,87.18762032
0.098165247,87.20593452
0.09820524,87.21996625
0.098245235,87.23758296
0.098285227,87.25271596
0.098325222,87.26813419
0.098365215,87.28027596
0.098405211,87.29902805
0.098445203,87.31121
0.098485199,87.33323119
0.098525189,87.3461151
0.098565185,87.36425663
0.098605178,87.38139621
0.098645171,87.39232928
0.098685167,87.41451007
0.098725158,87.42755857
0.098765153,87.43889512
0.098805149,87.46534331
0.098845138,87.47387698
0.098885135,87.49586915
0.098925126,87.50573719
0.098965123,87.52470642
0.099005115,87.53281964
0.099045112,87.55749233
0.099085101,87.56158096
0.099125101,87.59165376
0.099165088,87.58802718
0.099205091,87.62992757
0.099245072,87.60906677
0.099285084,87.68910689
0.099325046,87.58377285
0.099365099,87.84096654
0.099404975,87.47942965
0.099445155,88.0996315
0.099484851,87.30988148
0.099525249,88.27437969
0.099564759,87.19518757
0.099605316,88.42681116
0.099644683,87.11782885
0.099685363,88.54501496
0.099724624,87.05819271
0.0997654,88.70333202
0.09980455,86.97604434
0.099845449,88.83877766
0.099884484,86.9143081
0.099925488,88.95062921
